Transcript_ID	TE_BP	Total_Len	TE_Percentage
MSTRG.10016.1	0	2695	0
MSTRG.10018.1	131	660	19.8485
MSTRG.10035.1	0	657	0
MSTRG.10048.1	0	207	0
MSTRG.10051.1	0	407	0
MSTRG.10058.3	119	1252	9.50479
MSTRG.10062.1	0	639	0
MSTRG.10063.1	0	1020	0
MSTRG.10074.6	0	1124	0
MSTRG.10076.1	0	270	0
MSTRG.10097.1	148	1216	12.1711
MSTRG.1010.1	0	381	0
MSTRG.10103.1	0	2319	0
MSTRG.1011.1	38	1188	3.19865
MSTRG.10111.1	0	360	0
MSTRG.10112.1	0	1269	0
MSTRG.10114.11	0	1174	0
MSTRG.10116.6	0	5872	0
MSTRG.10124.1	0	527	0
MSTRG.10125.6	0	1426	0
MSTRG.10126.1	0	497	0
MSTRG.10130.3	0	969	0
MSTRG.10139.1	0	970	0
MSTRG.10140.1	16	285	5.61404
MSTRG.10156.1	0	1854	0
MSTRG.10162.1	0	1404	0
MSTRG.10169.3	0	1076	0
MSTRG.10170.4	0	2903	0
MSTRG.1017.1	0	554	0
MSTRG.10178.5	0	4164	0
MSTRG.10180.1	0	554	0
MSTRG.10186.1	0	527	0
MSTRG.10187.1	0	1686	0
MSTRG.10188.1	191	7804	2.44746
MSTRG.10193.1	0	405	0
MSTRG.10198.5	82	2034	4.03147
MSTRG.10199.1	0	395	0
MSTRG.10200.1	0	317	0
MSTRG.10207.1	0	778	0
MSTRG.10209.1	0	668	0
MSTRG.10219.1	0	1351	0
MSTRG.1022.1	0	431	0
MSTRG.10247.6	0	610	0
MSTRG.10248.1	0	354	0
MSTRG.10250.1	0	247	0
MSTRG.10257.1	1097	1539	71.2801
MSTRG.1027.1	59	1778	3.31834
MSTRG.10272.1	0	1175	0
MSTRG.10277.1	0	267	0
MSTRG.10286.1	0	211	0
MSTRG.1029.1	16	3232	0.49505
MSTRG.10293.1	0	1028	0
MSTRG.10296.1	731	2828	25.8487
MSTRG.10299.1	0	265	0
MSTRG.10309.1	60	359	16.7131
MSTRG.10311.16	0	3678	0
MSTRG.10321.1	0	887	0
MSTRG.10323.1	87	2319	3.75162
MSTRG.10332.1	0	988	0
MSTRG.10333.1	0	522	0
MSTRG.10335.9	83	7343	1.13033
MSTRG.10347.1	92	2434	3.77979
MSTRG.10351.1	0	368	0
MSTRG.10357.1	168	4051	4.14712
MSTRG.10366.1	220	2144	10.2612
MSTRG.10370.1	0	437	0
MSTRG.10374.1	54	1618	3.33745
MSTRG.10375.1	54	749	7.20961
MSTRG.10380.2	78	1597	4.88416
MSTRG.10383.1	106	680	15.5882
MSTRG.10396.1	0	252	0
MSTRG.10399.1	0	679	0
MSTRG.10401.5	0	3043	0
MSTRG.10402.1	0	2636	0
MSTRG.10414.1	0	227	0
MSTRG.10415.1	0	1244	0
MSTRG.10417.1	0	1078	0
MSTRG.10422.2	0	1194	0
MSTRG.10423.1	0	683	0
MSTRG.10453.1	0	410	0
MSTRG.1046.1	0	226	0
MSTRG.10466.1	0	433	0
MSTRG.10467.1	0	725	0
MSTRG.10468.1	0	318	0
MSTRG.10474.1	134	1644	8.15085
MSTRG.10479.1	0	335	0
MSTRG.10483.2	0	793	0
MSTRG.1048.4	0	1219	0
MSTRG.10501.1	0	590	0
MSTRG.10507.2	0	1308	0
MSTRG.10513.1	54	942	5.73248
MSTRG.10523.1	0	363	0
MSTRG.10524.1	0	641	0
MSTRG.10526.1	0	572	0
MSTRG.10546.9	0	4564	0
MSTRG.10548.1	0	666	0
MSTRG.10555.3	0	2601	0
MSTRG.10556.1	0	1107	0
MSTRG.10561.1	0	2080	0
MSTRG.10564.3	0	1539	0
MSTRG.10567.1	0	2963	0
MSTRG.10577.1	0	2104	0
MSTRG.10581.1	64	1737	3.68451
MSTRG.10597.1	0	350	0
MSTRG.10604.1	0	556	0
MSTRG.10607.1	0	269	0
MSTRG.10616.1	0	212	0
MSTRG.10648.6	38	2146	1.77074
MSTRG.1065.1	0	766	0
MSTRG.1067.1	209	1559	13.406
MSTRG.10684.1	0	224	0
MSTRG.10686.1	128	421	30.4038
MSTRG.10691.2	0	4307	0
MSTRG.10694.1	0	772	0
MSTRG.10697.1	0	490	0
MSTRG.10698.1	87	2228	3.90485
MSTRG.1070.1	0	250	0
MSTRG.10702.1	0	1351	0
MSTRG.10703.1	0	243	0
MSTRG.10720.6	647	5383	12.0193
MSTRG.10743.1	0	731	0
MSTRG.10745.1	0	701	0
MSTRG.10753.1	27	805	3.35404
MSTRG.10756.1	160	659	24.2792
MSTRG.10759.1	0	314	0
MSTRG.10760.5	182	5402	3.36912
MSTRG.1078.1	0	1185	0
MSTRG.10792.2	0	336	0
MSTRG.10795.1	0	1018	0
MSTRG.10799.1	121	4333	2.79252
MSTRG.10800.1	0	993	0
MSTRG.10803.1	1291	12475	10.3487
MSTRG.10810.2	0	995	0
MSTRG.10812.1	53	1391	3.81021
MSTRG.10829.1	0	314	0
MSTRG.10830.1	0	253	0
MSTRG.10831.1	106	709	14.9506
MSTRG.10834.1	0	1365	0
MSTRG.10837.1	0	1081	0
MSTRG.10838.1	64	696	9.1954
MSTRG.10839.1	613	1296	47.2994
MSTRG.10844.4	0	1302	0
MSTRG.10867.1	0	601	0
MSTRG.10868.1	0	1671	0
MSTRG.10870.1	0	735	0
MSTRG.10877.1	150	2592	5.78704
MSTRG.10883.1	0	331	0
MSTRG.10901.4	353	5233	6.74565
MSTRG.10905.4	128	1995	6.41604
MSTRG.10910.1	0	1064	0
MSTRG.1094.1	0	2062	0
MSTRG.1095.1	16	938	1.70576
MSTRG.10956.1	0	1340	0
MSTRG.10960.1	0	767	0
MSTRG.1096.2	520	5379	9.66722
MSTRG.10967.1	0	306	0
MSTRG.10972.1	671	1935	34.677
MSTRG.10974.1	95	391	24.2967
MSTRG.10984.1	241	242	99.5868
MSTRG.10988.2	0	1369	0
MSTRG.10994.1	158	1389	11.3751
MSTRG.1.1	286	1378	20.7547
MSTRG.11005.2	0	577	0
MSTRG.110.1	0	529	0
MSTRG.11014.1	0	828	0
MSTRG.11030.1	0	602	0
MSTRG.11037.1	0	1208	0
MSTRG.11040.1	0	599	0
MSTRG.11046.1	0	929	0
MSTRG.11054.1	0	380	0
MSTRG.1106.1	132	1617	8.16327
MSTRG.11065.1	0	569	0
MSTRG.11068.1	0	338	0
MSTRG.11072.1	0	1626	0
MSTRG.11073.1	0	2816	0
MSTRG.11077.2	41	796	5.15075
MSTRG.11087.2	0	250	0
MSTRG.11088.1	0	306	0
MSTRG.11097.1	0	828	0
MSTRG.11098.1	0	1293	0
MSTRG.11099.1	0	3562	0
MSTRG.11100.1	0	224	0
MSTRG.11101.1	0	1759	0
MSTRG.11102.1	0	224	0
MSTRG.11108.6	0	2310	0
MSTRG.11109.1	0	1246	0
MSTRG.11116.1	0	468	0
MSTRG.11122.1	0	881	0
MSTRG.11125.1	0	997	0
MSTRG.11129.1	56	2025	2.76543
MSTRG.11130.1	0	279	0
MSTRG.11141.1	0	212	0
MSTRG.1115.1	0	342	0
MSTRG.11152.9	104	2130	4.88263
MSTRG.11153.2	52	3025	1.71901
MSTRG.11157.2	0	2193	0
MSTRG.11159.1	0	2479	0
MSTRG.1116.1	0	830	0
MSTRG.11161.1	113	903	12.5138
MSTRG.11178.1	0	983	0
MSTRG.1118.1	111	1030	10.7767
MSTRG.11186.6	0	3213	0
MSTRG.11188.2	0	1028	0
MSTRG.11202.1	0	231	0
MSTRG.11216.1	0	227	0
MSTRG.11226.1	0	213	0
MSTRG.11229.1	0	1772	0
MSTRG.11230.2	42	1694	2.47934
MSTRG.11234.1	0	1401	0
MSTRG.11236.6	228	4749	4.80101
MSTRG.11250.1	0	1339	0
MSTRG.1125.1	0	644	0
MSTRG.11259.1	0	2062	0
MSTRG.1127.1	73	971	7.51802
MSTRG.11283.1	0	2429	0
MSTRG.11288.1	0	861	0
MSTRG.11318.1	42	1411	2.97661
MSTRG.11324.2	0	408	0
MSTRG.11343.1	77	1283	6.00156
MSTRG.11347.3	0	2865	0
MSTRG.11353.1	108	956	11.2971
MSTRG.11354.1	0	2514	0
MSTRG.11359.1	0	966	0
MSTRG.1136.3	41	1615	2.5387
MSTRG.11376.1	0	383	0
MSTRG.11380.3	0	1977	0
MSTRG.11387.1	0	2047	0
MSTRG.11392.3	0	2832	0
MSTRG.11405.2	0	819	0
MSTRG.11407.1	0	217	0
MSTRG.11410.1	0	1198	0
MSTRG.11413.1	0	529	0
MSTRG.11445.8	51	4237	1.20368
MSTRG.11454.1	0	237	0
MSTRG.11457.1	119	1083	10.988
MSTRG.11460.1	0	1402	0
MSTRG.11467.1	0	1720	0
MSTRG.11480.1	70	1755	3.9886
MSTRG.11495.1	0	427	0
MSTRG.11498.1	155	2037	7.60923
MSTRG.1150.1	0	1342	0
MSTRG.11509.1	0	544	0
MSTRG.11518.2	0	461	0
MSTRG.11519.1	117	887	13.1905
MSTRG.11528.1	0	1029	0
MSTRG.11537.1	0	419	0
MSTRG.11538.1	0	267	0
MSTRG.11541.1	0	3099	0
MSTRG.11542.1	0	402	0
MSTRG.11549.1	0	279	0
MSTRG.11556.1	72	869	8.28539
MSTRG.11558.1	0	247	0
MSTRG.11566.3	0	1903	0
MSTRG.11572.1	0	2087	0
MSTRG.11578.1	0	1672	0
MSTRG.11580.1	107	1631	6.56039
MSTRG.11588.4	78	444	17.5676
MSTRG.11592.1	221	221	100
MSTRG.11593.1	360	583	61.7496
MSTRG.11609.1	0	531	0
MSTRG.1161.1	302	1419	21.2826
MSTRG.11613.3	115	2265	5.07726
MSTRG.11617.2	0	602	0
MSTRG.11618.1	375	894	41.9463
MSTRG.11621.1	0	949	0
MSTRG.11623.1	0	212	0
MSTRG.11626.1	211	308	68.5065
MSTRG.1163.1	13	285	4.5614
MSTRG.11631.1	0	368	0
MSTRG.11635.10	0	2099	0
MSTRG.11645.1	83	1552	5.34794
MSTRG.11649.1	0	218	0
MSTRG.11674.1	0	320	0
MSTRG.11680.1	0	1191	0
MSTRG.11686.1	73	3865	1.88875
MSTRG.11706.1	0	220	0
MSTRG.11708.1	38	990	3.83838
MSTRG.11709.1	0	681	0
MSTRG.11719.1	0	586	0
MSTRG.11734.1	0	1233	0
MSTRG.11738.1	226	1178	19.1851
MSTRG.11742.1	0	336	0
MSTRG.11747.1	61	1672	3.64833
MSTRG.11751.1	0	254	0
MSTRG.11765.1	0	2014	0
MSTRG.11768.1	149	823	18.1045
MSTRG.11775.1	0	2493	0
MSTRG.11778.2	0	1951	0
MSTRG.1178.1	0	967	0
MSTRG.11785.1	103	683	15.0805
MSTRG.11794.5	338	1302	25.9601
MSTRG.11808.1	0	2692	0
MSTRG.11809.1	0	291	0
MSTRG.11821.1	26	2287	1.13686
MSTRG.11828.2	0	448	0
MSTRG.11838.1	429	2183	19.6519
MSTRG.11841.1	72	268	26.8657
MSTRG.11849.2	0	5146	0
MSTRG.11851.1	0	1598	0
MSTRG.11855.1	39	2600	1.5
MSTRG.11883.1	0	1816	0
MSTRG.11884.1	0	306	0
MSTRG.11885.1	0	1174	0
MSTRG.11886.1	0	232	0
MSTRG.11897.1	0	763	0
MSTRG.11898.1	0	508	0
MSTRG.1190.1	0	1452	0
MSTRG.11901.1	0	509	0
MSTRG.11903.1	0	1226	0
MSTRG.11904.1	0	1517	0
MSTRG.11905.1	0	1172	0
MSTRG.11906.1	110	5658	1.94415
MSTRG.11907.1	144	11595	1.24191
MSTRG.11908.1	0	274	0
MSTRG.11909.1	144	2721	5.29217
MSTRG.11926.1	128	1664	7.69231
MSTRG.11927.1	0	1463	0
MSTRG.11928.1	0	478	0
MSTRG.11936.1	0	569	0
MSTRG.11937.1	59	1912	3.08577
MSTRG.11938.1	0	1096	0
MSTRG.11939.1	0	1048	0
MSTRG.11944.1	61	2171	2.80977
MSTRG.11955.3	0	8245	0
MSTRG.11963.1	0	2993	0
MSTRG.11982.1	0	269	0
MSTRG.1199.1	0	946	0
MSTRG.11991.1	0	489	0
MSTRG.11992.2	0	993	0
MSTRG.11999.1	93	995	9.34673
MSTRG.12000.1	0	1879	0
MSTRG.12005.1	0	739	0
MSTRG.12010.1	0	342	0
MSTRG.12023.1	0	703	0
MSTRG.12025.1	45	3978	1.13122
MSTRG.12031.2	0	1522	0
MSTRG.12043.2	75	3469	2.16201
MSTRG.12048.3	0	427	0
MSTRG.12056.1	0	811	0
MSTRG.1208.1	0	543	0
MSTRG.12083.1	0	677	0
MSTRG.12085.1	0	287	0
MSTRG.12090.1	0	1832	0
MSTRG.12099.1	0	344	0
MSTRG.12108.1	0	1639	0
MSTRG.12111.1	0	1136	0
MSTRG.12112.2	0	3288	0
MSTRG.12113.1	0	459	0
MSTRG.12114.1	0	1894	0
MSTRG.12138.1	0	239	0
MSTRG.12139.1	0	2147	0
MSTRG.12150.1	49	4379	1.11898
MSTRG.12157.1	0	4119	0
MSTRG.12165.1	0	206	0
MSTRG.12166.1	0	2249	0
MSTRG.12181.1	0	513	0
MSTRG.12186.1	0	777	0
MSTRG.1220.1	18	293	6.14334
MSTRG.122.1	38	1287	2.9526
MSTRG.12214.1	0	1124	0
MSTRG.12219.1	0	443	0
MSTRG.12220.1	0	204	0
MSTRG.12230.1	0	865	0
MSTRG.12232.1	0	243	0
MSTRG.12237.1	259	1346	19.2422
MSTRG.1224.1	0	2080	0
MSTRG.12245.1	0	282	0
MSTRG.12246.1	77	3371	2.28419
MSTRG.12259.1	0	331	0
MSTRG.12260.1	0	556	0
MSTRG.12261.1	0	258	0
MSTRG.12262.1	0	2341	0
MSTRG.12269.1	0	2394	0
MSTRG.12272.1	0	390	0
MSTRG.12278.1	0	1512	0
MSTRG.12288.1	0	870	0
MSTRG.12294.2	41	5619	0.729667
MSTRG.12295.3	41	3864	1.06108
MSTRG.12297.1	0	446	0
MSTRG.12304.1	550	4883	11.2636
MSTRG.12309.1	0	722	0
MSTRG.123.1	0	409	0
MSTRG.12316.1	0	1007	0
MSTRG.12325.1	0	2696	0
MSTRG.12329.1	0	267	0
MSTRG.12336.1	0	1042	0
MSTRG.12337.1	0	2905	0
MSTRG.12338.1	58	2891	2.00623
MSTRG.12339.1	58	4116	1.40914
MSTRG.12340.3	0	2330	0
MSTRG.12367.3	0	1091	0
MSTRG.12370.1	0	385	0
MSTRG.12375.1	0	610	0
MSTRG.12384.1	0	1481	0
MSTRG.12391.1	151	3863	3.90888
MSTRG.12393.3	0	1613	0
MSTRG.1240.1	255	468	54.4872
MSTRG.12403.2	0	780	0
MSTRG.12415.1	30	658	4.55927
MSTRG.12416.1	41	1377	2.97749
MSTRG.12425.1	0	333	0
MSTRG.12426.1	0	886	0
MSTRG.12429.3	151	3270	4.61774
MSTRG.12444.1	0	504	0
MSTRG.12445.1	0	407	0
MSTRG.12452.2	0	1057	0
MSTRG.12454.1	0	1178	0
MSTRG.1246.1	0	877	0
MSTRG.12470.1	0	896	0
MSTRG.12481.1	0	343	0
MSTRG.12486.1	0	537	0
MSTRG.1249.1	0	294	0
MSTRG.12496.1	0	1013	0
MSTRG.12497.1	0	231	0
MSTRG.125.3	0	512	0
MSTRG.12540.3	0	321	0
MSTRG.12554.2	164	2450	6.69388
MSTRG.12555.1	134	741	18.0837
MSTRG.1256.1	0	728	0
MSTRG.12563.1	0	217	0
MSTRG.12567.1	0	1836	0
MSTRG.12591.1	65	1516	4.2876
MSTRG.12592.1	112	1462	7.66074
MSTRG.12600.2	743	1705	43.5777
MSTRG.12606.3	0	1426	0
MSTRG.12608.7	55	1698	3.2391
MSTRG.12609.3	0	506	0
MSTRG.12614.1	0	4004	0
MSTRG.12615.1	250	1719	14.5433
MSTRG.1262.1	37	620	5.96774
MSTRG.1263.1	35	268	13.0597
MSTRG.12633.1	0	567	0
MSTRG.12634.1	0	466	0
MSTRG.12638.2	0	1620	0
MSTRG.12642.1	103	784	13.1378
MSTRG.12645.1	0	1099	0
MSTRG.12647.5	0	4429	0
MSTRG.12651.2	117	5040	2.32143
MSTRG.12652.1	0	428	0
MSTRG.12653.1	37	752	4.92021
MSTRG.12654.1	0	266	0
MSTRG.12655.1	0	435	0
MSTRG.12659.1	0	370	0
MSTRG.1266.1	0	454	0
MSTRG.12666.1	0	366	0
MSTRG.12675.5	41	1299	3.15627
MSTRG.12681.1	0	1000	0
MSTRG.12685.1	0	664	0
MSTRG.12686.3	0	1292	0
MSTRG.12690.1	538	5310	10.1318
MSTRG.12692.1	0	265	0
MSTRG.12693.1	0	1154	0
MSTRG.12695.2	22	409	5.37897
MSTRG.12697.1	0	3442	0
MSTRG.12698.1	0	335	0
MSTRG.12702.1	0	978	0
MSTRG.12716.1	803	1768	45.4186
MSTRG.12717.1	0	310	0
MSTRG.12718.1	0	756	0
MSTRG.1272.1	0	973	0
MSTRG.12726.5	4	808	0.49505
MSTRG.12736.1	0	397	0
MSTRG.12751.1	0	1073	0
MSTRG.12760.3	0	1144	0
MSTRG.12761.1	0	1323	0
MSTRG.12763.1	0	1787	0
MSTRG.12764.1	0	1006	0
MSTRG.12772.2	137	574	23.8676
MSTRG.12778.1	497	592	83.9527
MSTRG.12779.1	375	1531	24.4938
MSTRG.12780.3	0	4685	0
MSTRG.12781.2	0	1584	0
MSTRG.12782.7	0	5270	0
MSTRG.12790.1	0	1728	0
MSTRG.12820.1	0	1838	0
MSTRG.12831.3	276	1485	18.5859
MSTRG.12841.1	0	226	0
MSTRG.12845.1	20	1536	1.30208
MSTRG.12846.1	7	424	1.65094
MSTRG.12847.1	101	518	19.4981
MSTRG.12854.1	168	1389	12.095
MSTRG.12868.1	0	652	0
MSTRG.12869.1	0	419	0
MSTRG.12870.1	0	2458	0
MSTRG.12878.2	77	764	10.0785
MSTRG.12880.1	0	801	0
MSTRG.1288.1	0	1857	0
MSTRG.12883.1	0	736	0
MSTRG.12904.1	252	898	28.0624
MSTRG.12908.1	0	802	0
MSTRG.12909.3	0	2511	0
MSTRG.12924.1	0	1489	0
MSTRG.12933.1	0	1316	0
MSTRG.12934.1	0	306	0
MSTRG.12939.1	556	1998	27.8278
MSTRG.12941.2	0	561	0
MSTRG.12943.1	0	265	0
MSTRG.12944.1	0	446	0
MSTRG.12946.1	0	1133	0
MSTRG.12960.1	0	1088	0
MSTRG.12974.1	8	427	1.87354
MSTRG.12978.1	250	1552	16.1082
MSTRG.12980.1	0	590	0
MSTRG.12993.1	105	598	17.5585
MSTRG.12997.1	205	1285	15.9533
MSTRG.13004.1	0	327	0
MSTRG.130.1	0	352	0
MSTRG.13013.2	143	2853	5.01227
MSTRG.13037.1	9	299	3.01003
MSTRG.13040.1	63	1136	5.54577
MSTRG.13041.1	52	2328	2.23368
MSTRG.13051.1	46	886	5.19187
MSTRG.13054.1	35	631	5.54675
MSTRG.13066.1	0	1443	0
MSTRG.13068.2	217	2602	8.33974
MSTRG.1308.1	39	1365	2.85714
MSTRG.13081.1	0	408	0
MSTRG.13091.1	459	828	55.4348
MSTRG.13099.1	0	1336	0
MSTRG.13101.1	110	303	36.3036
MSTRG.13102.1	0	1029	0
MSTRG.13121.1	0	1542	0
MSTRG.13125.1	0	298	0
MSTRG.13135.1	0	1357	0
MSTRG.13166.1	0	295	0
MSTRG.13180.2	0	1313	0
MSTRG.13182.1	0	2045	0
MSTRG.13187.6	71	1970	3.60406
MSTRG.13190.1	0	1023	0
MSTRG.1319.4	0	527	0
MSTRG.13197.1	0	240	0
MSTRG.13202.2	0	1458	0
MSTRG.1321.1	43	2868	1.4993
MSTRG.1322.1	0	237	0
MSTRG.13224.1	0	224	0
MSTRG.13225.1	20	206	9.70874
MSTRG.13228.1	0	1740	0
MSTRG.132.3	73	1490	4.89933
MSTRG.13230.1	0	1819	0
MSTRG.13236.4	65	1842	3.52877
MSTRG.13238.4	59	1689	3.49319
MSTRG.13246.1	197	1578	12.4842
MSTRG.13252.1	209	5072	4.12066
MSTRG.13260.1	0	657	0
MSTRG.13271.2	243	3088	7.86917
MSTRG.13274.1	261	329	79.3313
MSTRG.13277.1	85	1592	5.3392
MSTRG.13284.1	0	300	0
MSTRG.13291.1	0	365	0
MSTRG.13298.1	47	641	7.33229
MSTRG.13302.1	24	622	3.85852
MSTRG.13304.1	53	2231	2.37562
MSTRG.133.1	0	205	0
MSTRG.13314.3	0	2129	0
MSTRG.13316.1	0	209	0
MSTRG.13321.1	0	511	0
MSTRG.13322.1	0	224	0
MSTRG.1333.1	0	653	0
MSTRG.13334.3	122	3361	3.62987
MSTRG.13350.1	0	425	0
MSTRG.1335.1	0	271	0
MSTRG.13364.1	68	2503	2.71674
MSTRG.13366.2	0	1978	0
MSTRG.13368.1	0	579	0
MSTRG.13378.2	28	507	5.52268
MSTRG.13382.1	0	305	0
MSTRG.13384.1	0	1408	0
MSTRG.13401.1	202	385	52.4675
MSTRG.13403.1	287	2074	13.838
MSTRG.13409.1	0	260	0
MSTRG.13416.1	0	288	0
MSTRG.13421.1	0	802	0
MSTRG.13431.1	0	849	0
MSTRG.13445.4	0	238	0
MSTRG.13447.1	225	342	65.7895
MSTRG.1345.1	0	356	0
MSTRG.13458.1	0	1850	0
MSTRG.13461.1	0	478	0
MSTRG.13465.1	38	1567	2.42502
MSTRG.13471.1	69	352	19.6023
MSTRG.13475.1	0	994	0
MSTRG.1348.2	0	1111	0
MSTRG.13484.3	70	379	18.4697
MSTRG.13504.1	0	472	0
MSTRG.13512.1	0	852	0
MSTRG.13519.1	33	1903	1.7341
MSTRG.13520.1	52	1061	4.90104
MSTRG.13545.1	0	3100	0
MSTRG.13547.1	0	775	0
MSTRG.13555.1	0	540	0
MSTRG.13556.1	0	226	0
MSTRG.1356.1	0	1660	0
MSTRG.13562.1	0	468	0
MSTRG.13570.2	37	1924	1.92308
MSTRG.13579.1	0	1114	0
MSTRG.13586.1	149	364	40.9341
MSTRG.13591.1	0	702	0
MSTRG.13592.1	0	246	0
MSTRG.13600.1	0	1369	0
MSTRG.13606.1	0	2596	0
MSTRG.13608.1	0	1029	0
MSTRG.136.1	0	672	0
MSTRG.13613.1	0	719	0
MSTRG.13617.1	0	1294	0
MSTRG.13620.1	0	338	0
MSTRG.1362.1	1031	1365	75.5311
MSTRG.13631.1	1311	2379	55.1072
MSTRG.13634.1	0	797	0
MSTRG.13645.1	0	1427	0
MSTRG.13666.1	0	1024	0
MSTRG.13669.1	108	1436	7.52089
MSTRG.13674.1	0	1993	0
MSTRG.13682.1	0	748	0
MSTRG.13692.1	139	281	49.4662
MSTRG.13700.2	0	1074	0
MSTRG.13704.1	53	1063	4.98589
MSTRG.13706.1	101	358	28.2123
MSTRG.1372.1	372	843	44.1281
MSTRG.13726.1	0	899	0
MSTRG.13740.3	63	1417	4.44601
MSTRG.13766.4	0	3436	0
MSTRG.13768.1	0	1840	0
MSTRG.13769.1	0	360	0
MSTRG.13770.1	176	3579	4.91757
MSTRG.1377.1	42	1657	2.5347
MSTRG.13778.1	0	1565	0
MSTRG.13786.1	0	335	0
MSTRG.13787.1	0	1111	0
MSTRG.13789.1	55	458	12.0087
MSTRG.1379.1	0	415	0
MSTRG.13792.7	0	6478	0
MSTRG.13793.1	0	563	0
MSTRG.13802.1	0	297	0
MSTRG.13804.1	0	279	0
MSTRG.13817.1	0	621	0
MSTRG.13820.1	0	1641	0
MSTRG.13830.1	54	1327	4.06933
MSTRG.13831.1	0	1085	0
MSTRG.13838.1	0	514	0
MSTRG.13844.1	0	1881	0
MSTRG.13859.1	0	325	0
MSTRG.1386.1	0	1494	0
MSTRG.13862.1	0	367	0
MSTRG.13871.1	0	2072	0
MSTRG.13872.1	0	630	0
MSTRG.13878.1	8	927	0.862999
MSTRG.13881.1	133	1760	7.55682
MSTRG.13898.1	0	982	0
MSTRG.1390.1	62	453	13.6865
MSTRG.13908.1	0	653	0
MSTRG.139.1	818	6589	12.4146
MSTRG.13915.1	0	1608	0
MSTRG.13916.1	0	734	0
MSTRG.13924.1	0	275	0
MSTRG.13930.1	0	1423	0
MSTRG.1393.2	42	1835	2.28883
MSTRG.13933.1	0	2443	0
MSTRG.13938.1	0	2216	0
MSTRG.13947.2	0	3316	0
MSTRG.13949.1	0	1240	0
MSTRG.13952.1	0	2423	0
MSTRG.13960.1	0	207	0
MSTRG.13964.3	0	895	0
MSTRG.13967.2	0	4280	0
MSTRG.13970.1	0	1809	0
MSTRG.13982.1	0	246	0
MSTRG.13983.1	0	628	0
MSTRG.13985.1	0	597	0
MSTRG.13987.3	0	4825	0
MSTRG.14004.1	0	3359	0
MSTRG.14011.1	0	799	0
MSTRG.14012.1	78	1841	4.23683
MSTRG.14013.4	431	4676	9.21728
MSTRG.14017.2	191	8280	2.30676
MSTRG.14019.3	0	6844	0
MSTRG.14020.1	119	1890	6.2963
MSTRG.14021.1	100	676	14.7929
MSTRG.14022.1	0	1234	0
MSTRG.14034.2	0	324	0
MSTRG.14041.1	0	645	0
MSTRG.14050.2	0	623	0
MSTRG.1405.1	368	1417	25.9704
MSTRG.14055.8	78	1918	4.06674
MSTRG.14056.3	0	5625	0
MSTRG.14057.1	0	802	0
MSTRG.14069.1	0	287	0
MSTRG.14077.1	0	381	0
MSTRG.1408.1	0	365	0
MSTRG.14083.1	0	2804	0
MSTRG.14100.1	148	724	20.442
MSTRG.14103.1	78	1715	4.5481
MSTRG.14104.1	5	404	1.23762
MSTRG.14121.1	91	3746	2.42926
MSTRG.14132.1	0	464	0
MSTRG.14135.1	120	219	54.7945
MSTRG.14151.1	0	707	0
MSTRG.14161.1	0	1942	0
MSTRG.14162.3	0	6403	0
MSTRG.14166.1	21	1162	1.80723
MSTRG.14167.1	0	1397	0
MSTRG.14170.1	0	1859	0
MSTRG.14177.2	26	1380	1.88406
MSTRG.14188.1	0	805	0
MSTRG.14190.1	90	511	17.6125
MSTRG.14201.1	0	996	0
MSTRG.14213.2	0	7480	0
MSTRG.14214.1	0	371	0
MSTRG.14219.1	0	6360	0
MSTRG.14226.1	0	233	0
MSTRG.14230.1	199	3021	6.58722
MSTRG.14232.1	68	1201	5.66195
MSTRG.14234.5	0	1233	0
MSTRG.14246.5	0	1196	0
MSTRG.14254.1	52	4351	1.19513
MSTRG.14278.1	0	3496	0
MSTRG.14279.1	0	1482	0
MSTRG.14292.1	0	1502	0
MSTRG.14295.1	214	1664	12.8606
MSTRG.14296.1	0	337	0
MSTRG.14306.1	0	248	0
MSTRG.14309.1	85	3603	2.35915
MSTRG.14321.1	0	927	0
MSTRG.14322.1	0	669	0
MSTRG.14324.1	39	2858	1.36459
MSTRG.14326.3	0	4469	0
MSTRG.14330.1	0	1371	0
MSTRG.14341.13	0	2002	0
MSTRG.14342.1	0	235	0
MSTRG.14357.1	173	3063	5.64806
MSTRG.14364.3	0	1433	0
MSTRG.1437.1	0	1328	0
MSTRG.14372.2	103	7711	1.33575
MSTRG.14378.1	221	784	28.1888
MSTRG.1438.1	0	1428	0
MSTRG.14381.1	100	587	17.0358
MSTRG.14386.1	0	1168	0
MSTRG.1441.1	0	2500	0
MSTRG.14420.2	0	2134	0
MSTRG.14424.2	0	1826	0
MSTRG.14425.1	0	498	0
MSTRG.1443.1	0	1121	0
MSTRG.14438.1	0	338	0
MSTRG.14441.1	685	6599	10.3804
MSTRG.14450.10	0	4354	0
MSTRG.14452.1	0	395	0
MSTRG.14462.1	0	825	0
MSTRG.1446.5	0	807	0
MSTRG.14467.1	0	335	0
MSTRG.14472.1	450	3060	14.7059
MSTRG.14479.1	0	2850	0
MSTRG.14484.1	0	478	0
MSTRG.14485.1	0	1825	0
MSTRG.14487.1	0	240	0
MSTRG.14495.1	0	839	0
MSTRG.14500.1	0	388	0
MSTRG.14508.1	0	468	0
MSTRG.145.1	0	228	0
MSTRG.14511.1	0	532	0
MSTRG.14512.1	0	1628	0
MSTRG.14516.1	0	284	0
MSTRG.14529.1	0	286	0
MSTRG.14533.11	0	1787	0
MSTRG.14535.1	0	523	0
MSTRG.14561.1	0	968	0
MSTRG.14565.1	0	758	0
MSTRG.14574.1	0	268	0
MSTRG.14575.1	0	615	0
MSTRG.14579.1	44	4445	0.989876
MSTRG.1458.1	203	301	67.4419
MSTRG.14584.1	54	1818	2.9703
MSTRG.1459.1	166	255	65.098
MSTRG.14614.2	54	3475	1.55396
MSTRG.14621.1	0	267	0
MSTRG.14622.1	128	2342	5.46541
MSTRG.14627.1	74	1624	4.55665
MSTRG.14632.2	0	1374	0
MSTRG.14633.1	0	407	0
MSTRG.14634.1	0	245	0
MSTRG.14635.1	0	528	0
MSTRG.14645.1	0	2124	0
MSTRG.14655.4	0	2846	0
MSTRG.14657.1	0	638	0
MSTRG.14674.2	0	420	0
MSTRG.14675.1	0	930	0
MSTRG.14679.1	0	2256	0
MSTRG.1468.1	0	314	0
MSTRG.14686.2	0	3018	0
MSTRG.14688.1	0	271	0
MSTRG.14690.1	0	391	0
MSTRG.14703.1	120	1734	6.92042
MSTRG.14705.1	53	1713	3.09399
MSTRG.14707.1	0	3443	0
MSTRG.14708.2	74	6249	1.18419
MSTRG.14712.1	0	299	0
MSTRG.14714.2	0	6206	0
MSTRG.14719.1	61	1362	4.47871
MSTRG.14720.1	0	864	0
MSTRG.14724.1	0	3495	0
MSTRG.1473.2	0	1554	0
MSTRG.14735.1	18	700	2.57143
MSTRG.14748.1	6	1011	0.593472
MSTRG.14749.1	0	332	0
MSTRG.14750.1	89	767	11.6037
MSTRG.14755.1	79	877	9.00798
MSTRG.14764.1	0	3509	0
MSTRG.14779.1	0	2644	0
MSTRG.1478.1	0	217	0
MSTRG.1479.1	0	2745	0
MSTRG.14795.1	0	1653	0
MSTRG.14796.1	0	1472	0
MSTRG.14799.1	0	2376	0
MSTRG.14805.1	0	3316	0
MSTRG.14806.3	0	1631	0
MSTRG.14809.4	84	3723	2.25624
MSTRG.14817.1	0	276	0
MSTRG.14819.1	0	735	0
MSTRG.14820.1	0	4351	0
MSTRG.1482.1	128	3363	3.80613
MSTRG.14839.1	0	1002	0
MSTRG.14847.1	0	332	0
MSTRG.14848.2	0	2133	0
MSTRG.14857.1	0	211	0
MSTRG.1486.1	0	1409	0
MSTRG.14863.1	0	267	0
MSTRG.14866.3	0	2561	0
MSTRG.14867.2	0	2598	0
MSTRG.14882.1	0	636	0
MSTRG.14891.1	0	355	0
MSTRG.1489.2	62	1187	5.22325
MSTRG.14894.4	0	2077	0
MSTRG.14904.1	0	944	0
MSTRG.14923.2	52	2336	2.22603
MSTRG.14928.1	66	1761	3.74787
MSTRG.1493.1	0	376	0
MSTRG.14932.1	0	1076	0
MSTRG.14942.2	0	736	0
MSTRG.14945.6	0	1193	0
MSTRG.14951.1	0	316	0
MSTRG.14958.1	0	448	0
MSTRG.14964.1	0	623	0
MSTRG.14970.1	0	389	0
MSTRG.14979.1	0	1990	0
MSTRG.14980.1	0	233	0
MSTRG.1498.1	29	221	13.1222
MSTRG.14981.1	0	546	0
MSTRG.14984.1	0	850	0
MSTRG.14987.10	0	3540	0
MSTRG.1500.2	0	2545	0
MSTRG.1501.2	0	1392	0
MSTRG.15019.3	0	2562	0
MSTRG.15020.1	0	789	0
MSTRG.15030.2	146	4267	3.42161
MSTRG.15031.1	0	467	0
MSTRG.150.4	693	2192	31.615
MSTRG.15043.1	0	1246	0
MSTRG.15044.1	65	757	8.58653
MSTRG.1504.5	0	1927	0
MSTRG.15045.1	0	662	0
MSTRG.15049.1	0	452	0
MSTRG.1505.1	0	574	0
MSTRG.15056.1	86	1185	7.25738
MSTRG.15066.1	44	2619	1.68003
MSTRG.15069.1	0	3664	0
MSTRG.15070.1	0	1106	0
MSTRG.1507.1	0	1143	0
MSTRG.15076.1	70	2929	2.38989
MSTRG.15079.1	396	3002	13.1912
MSTRG.15085.1	0	243	0
MSTRG.1509.1	398	459	86.7102
MSTRG.15105.1	117	3403	3.43814
MSTRG.15117.1	0	740	0
MSTRG.15118.1	0	2880	0
MSTRG.15119.1	0	300	0
MSTRG.15123.3	0	2232	0
MSTRG.15129.1	0	3110	0
MSTRG.15136.7	0	2216	0
MSTRG.15137.7	0	1124	0
MSTRG.15138.1	38	215	17.6744
MSTRG.15146.4	0	1122	0
MSTRG.15162.1	0	307	0
MSTRG.15167.1	0	585	0
MSTRG.15179.2	0	1681	0
MSTRG.15189.1	0	303	0
MSTRG.15193.1	0	3219	0
MSTRG.15195.1	0	453	0
MSTRG.15200.1	0	595	0
MSTRG.15203.1	0	1188	0
MSTRG.15215.1	0	2115	0
MSTRG.15235.1	267	1085	24.6083
MSTRG.15239.1	76	2576	2.95031
MSTRG.15243.2	0	3258	0
MSTRG.1525.1	0	675	0
MSTRG.1526.1	0	492	0
MSTRG.15262.1	0	493	0
MSTRG.15267.1	129	2805	4.59893
MSTRG.15275.2	53	439	12.0729
MSTRG.15279.3	3	1078	0.278293
MSTRG.15280.1	104	937	11.0993
MSTRG.15283.1	122	612	19.9346
MSTRG.15307.1	2	860	0.232558
MSTRG.15310.1	0	1420	0
MSTRG.1531.1	212	1750	12.1143
MSTRG.15320.1	0	328	0
MSTRG.15322.1	0	280	0
MSTRG.15333.1	0	2066	0
MSTRG.15336.2	0	1861	0
MSTRG.15340.1	57	2740	2.08029
MSTRG.15342.2	0	3173	0
MSTRG.15344.1	86	3900	2.20513
MSTRG.15345.1	86	2579	3.33463
MSTRG.15351.1	53	1414	3.74823
MSTRG.15368.3	0	3008	0
MSTRG.15375.1	1232	2252	54.7069
MSTRG.15395.1	48	264	18.1818
MSTRG.154.1	0	497	0
MSTRG.15414.1	70	2680	2.61194
MSTRG.15434.1	68	2716	2.50368
MSTRG.15449.1	96	532	18.0451
MSTRG.1545.1	0	1001	0
MSTRG.15452.1	52	989	5.25784
MSTRG.15456.1	0	984	0
MSTRG.15457.2	0	5293	0
MSTRG.15459.1	58	4058	1.42928
MSTRG.15460.1	0	408	0
MSTRG.15461.1	0	1029	0
MSTRG.15462.1	0	1153	0
MSTRG.15468.1	116	2839	4.08595
MSTRG.15478.1	0	282	0
MSTRG.15479.2	0	310	0
MSTRG.15486.1	0	254	0
MSTRG.1549.1	127	836	15.1914
MSTRG.15495.1	492	5052	9.73872
MSTRG.15496.1	53	1188	4.46128
MSTRG.15497.1	36	4173	0.862689
MSTRG.15502.1	0	373	0
MSTRG.15503.1	1	617	0.162075
MSTRG.15504.1	0	256	0
MSTRG.15506.3	0	3543	0
MSTRG.15507.1	0	231	0
MSTRG.15508.1	0	1328	0
MSTRG.155.1	175	882	19.8413
MSTRG.15510.1	0	206	0
MSTRG.15511.1	0	595	0
MSTRG.15529.1	0	1021	0
MSTRG.15541.1	51	4114	1.23967
MSTRG.15547.1	0	483	0
MSTRG.15548.1	0	1091	0
MSTRG.15549.1	0	714	0
MSTRG.15557.1	169	904	18.6947
MSTRG.15558.1	0	235	0
MSTRG.15559.1	0	276	0
MSTRG.15561.1	0	329	0
MSTRG.15571.1	41	238	17.2269
MSTRG.15577.1	0	998	0
MSTRG.1558.2	61	4265	1.43025
MSTRG.15601.1	51	818	6.23472
MSTRG.1561.1	0	823	0
MSTRG.15629.1	0	481	0
MSTRG.15632.1	62	3015	2.05638
MSTRG.15633.2	62	758	8.17942
MSTRG.15634.1	0	814	0
MSTRG.15636.1	0	617	0
MSTRG.15646.1	0	1659	0
MSTRG.15652.1	0	1478	0
MSTRG.15653.1	0	625	0
MSTRG.15659.1	0	516	0
MSTRG.15666.1	98	2615	3.74761
MSTRG.15675.1	62	2339	2.65071
MSTRG.15682.1	0	464	0
MSTRG.15691.1	0	335	0
MSTRG.15699.2	373	1322	28.2148
MSTRG.15711.2	0	836	0
MSTRG.15716.1	0	1151	0
MSTRG.15726.1	47	291	16.1512
MSTRG.1573.1	0	226	0
MSTRG.15732.1	300	2069	14.4998
MSTRG.15737.1	471	2396	19.6578
MSTRG.15752.2	2014	4995	40.3203
MSTRG.15754.2	0	258	0
MSTRG.15766.1	0	558	0
MSTRG.15768.1	167	400	41.75
MSTRG.15771.1	59	1081	5.45791
MSTRG.15774.1	0	1960	0
MSTRG.15785.1	104	1226	8.48287
MSTRG.15794.2	81	1655	4.89426
MSTRG.15795.1	0	341	0
MSTRG.15798.1	0	654	0
MSTRG.15807.1	0	1334	0
MSTRG.15810.1	0	1217	0
MSTRG.15813.1	0	1275	0
MSTRG.15822.1	0	1006	0
MSTRG.15825.1	0	1445	0
MSTRG.15837.1	0	1111	0
MSTRG.15842.1	0	567	0
MSTRG.15844.1	0	1029	0
MSTRG.15848.1	27	2442	1.10565
MSTRG.15849.1	85	1869	4.54789
MSTRG.1585.1	0	920	0
MSTRG.1588.1	369	2463	14.9817
MSTRG.15883.1	0	216	0
MSTRG.15886.1	0	215	0
MSTRG.15890.1	0	568	0
MSTRG.15897.1	0	611	0
MSTRG.15903.9	0	812	0
MSTRG.15907.1	0	361	0
MSTRG.159.1	0	496	0
MSTRG.15922.1	0	2371	0
MSTRG.15926.2	0	4773	0
MSTRG.15938.1	76	756	10.0529
MSTRG.15939.1	159	205	77.561
MSTRG.15947.1	0	327	0
MSTRG.15950.1	0	658	0
MSTRG.15951.1	55	1006	5.4672
MSTRG.15963.1	49	2741	1.78767
MSTRG.1597.1	0	353	0
MSTRG.15989.7	108	2921	3.69736
MSTRG.1599.1	0	557	0
MSTRG.15991.1	0	1169	0
MSTRG.16003.1	0	234	0
MSTRG.160.1	198	1522	13.0092
MSTRG.16010.1	0	452	0
MSTRG.16022.1	0	720	0
MSTRG.16023.1	0	1670	0
MSTRG.16030.1	0	1016	0
MSTRG.16032.1	64	1718	3.72526
MSTRG.16038.1	0	1287	0
MSTRG.16047.1	0	785	0
MSTRG.1605.1	0	377	0
MSTRG.16055.1	0	287	0
MSTRG.16060.2	259	4881	5.30629
MSTRG.16062.1	0	231	0
MSTRG.16063.1	0	504	0
MSTRG.16064.1	0	735	0
MSTRG.16068.1	0	3495	0
MSTRG.16083.2	123	2467	4.98581
MSTRG.16091.1	0	1015	0
MSTRG.16118.1	0	1138	0
MSTRG.16120.1	38	279	13.6201
MSTRG.16126.1	0	1211	0
MSTRG.16132.1	112	2702	4.14508
MSTRG.16136.1	0	366	0
MSTRG.16139.1	0	1162	0
MSTRG.16140.1	0	365	0
MSTRG.1615.1	0	1095	0
MSTRG.16151.1	0	1406	0
MSTRG.16162.6	0	1176	0
MSTRG.1618.1	0	826	0
MSTRG.16197.1	2	537	0.372439
MSTRG.16198.1	143	1017	14.061
MSTRG.16205.1	0	661	0
MSTRG.16208.1	0	759	0
MSTRG.162.1	0	443	0
MSTRG.16211.1	0	876	0
MSTRG.16219.4	0	516	0
MSTRG.16223.4	55	1581	3.47881
MSTRG.16228.10	0	1628	0
MSTRG.16229.2	0	778	0
MSTRG.16230.1	0	2172	0
MSTRG.1623.1	0	835	0
MSTRG.16237.1	0	338	0
MSTRG.16240.3	0	2551	0
MSTRG.1624.1	0	924	0
MSTRG.16243.1	548	2077	26.3842
MSTRG.16245.1	0	1297	0
MSTRG.16246.1	0	1087	0
MSTRG.16254.1	0	304	0
MSTRG.16258.1	0	1108	0
MSTRG.16259.1	257	2572	9.99222
MSTRG.16264.1	0	5254	0
MSTRG.16265.1	0	615	0
MSTRG.16266.1	0	387	0
MSTRG.16268.1	105	2670	3.93258
MSTRG.16279.1	39	471	8.28025
MSTRG.16284.1	0	359	0
MSTRG.1629.1	0	1967	0
MSTRG.16294.1	0	1390	0
MSTRG.16310.1	559	1359	41.1332
MSTRG.16314.1	0	288	0
MSTRG.16330.2	14	965	1.45078
MSTRG.16334.1	0	858	0
MSTRG.16351.4	0	1204	0
MSTRG.16352.4	0	1010	0
MSTRG.16359.1	0	2367	0
MSTRG.16363.1	0	282	0
MSTRG.16381.1	72	1347	5.34521
MSTRG.16384.1	0	7753	0
MSTRG.16385.1	0	335	0
MSTRG.16386.1	0	1467	0
MSTRG.1639.1	328	2557	12.8275
MSTRG.16398.1	0	1155	0
MSTRG.16399.1	55	1828	3.00875
MSTRG.16400.2	0	1884	0
MSTRG.16403.1	0	254	0
MSTRG.16406.1	82	2893	2.83443
MSTRG.16411.1	0	1349	0
MSTRG.16412.1	0	841	0
MSTRG.16413.1	0	812	0
MSTRG.16417.1	0	1650	0
MSTRG.16420.1	0	329	0
MSTRG.1642.1	0	1590	0
MSTRG.16437.1	0	223	0
MSTRG.16446.1	0	1528	0
MSTRG.16454.1	0	815	0
MSTRG.16464.1	0	722	0
MSTRG.1647.1	287	988	29.0486
MSTRG.16475.1	0	780	0
MSTRG.16478.1	0	487	0
MSTRG.16488.1	0	667	0
MSTRG.16492.1	0	3410	0
MSTRG.16509.1	0	816	0
MSTRG.16524.1	181	2031	8.91187
MSTRG.1653.1	89	659	13.5053
MSTRG.1654.1	175	1668	10.4916
MSTRG.16556.1	151	1446	10.4426
MSTRG.16563.1	44	3699	1.18951
MSTRG.16581.1	0	816	0
MSTRG.16589.1	0	289	0
MSTRG.16599.1	0	1889	0
MSTRG.16600.1	0	1473	0
MSTRG.16601.1	0	799	0
MSTRG.16602.1	0	647	0
MSTRG.16603.1	0	2014	0
MSTRG.16604.1	0	1596	0
MSTRG.16605.1	51	2798	1.82273
MSTRG.16611.1	0	646	0
MSTRG.16613.1	0	1628	0
MSTRG.16621.1	0	1169	0
MSTRG.16633.1	0	208	0
MSTRG.16649.1	0	581	0
MSTRG.16651.1	0	602	0
MSTRG.16653.1	58	1431	4.05311
MSTRG.16686.1	0	779	0
MSTRG.16687.1	0	582	0
MSTRG.16688.1	0	258	0
MSTRG.16697.1	0	2056	0
MSTRG.16701.1	0	933	0
MSTRG.16709.1	965	4032	23.9335
MSTRG.16712.1	0	218	0
MSTRG.167.3	0	1112	0
MSTRG.16745.1	0	522	0
MSTRG.16753.1	0	609	0
MSTRG.16756.1	0	1011	0
MSTRG.16763.1	0	1218	0
MSTRG.16775.1	0	734	0
MSTRG.16786.1	0	447	0
MSTRG.16787.1	0	1235	0
MSTRG.16788.1	0	3008	0
MSTRG.16789.1	0	1377	0
MSTRG.1679.1	0	453	0
MSTRG.16796.3	57	2557	2.22917
MSTRG.16801.1	408	2773	14.7133
MSTRG.16803.1	0	1321	0
MSTRG.16815.3	0	2295	0
MSTRG.16817.1	0	417	0
MSTRG.1683.1	0	327	0
MSTRG.16831.1	92	2021	4.5522
MSTRG.1685.1	0	361	0
MSTRG.16855.2	0	931	0
MSTRG.16858.1	0	322	0
MSTRG.16863.1	0	590	0
MSTRG.16864.6	55	4775	1.15183
MSTRG.16870.2	0	1282	0
MSTRG.16876.3	0	963	0
MSTRG.1688.1	0	865	0
MSTRG.16883.1	0	811	0
MSTRG.16891.3	90	1996	4.50902
MSTRG.16892.1	0	964	0
MSTRG.16895.1	0	947	0
MSTRG.16898.2	0	2164	0
MSTRG.16899.1	0	1836	0
MSTRG.16912.1	0	2840	0
MSTRG.16913.1	0	212	0
MSTRG.16914.1	0	316	0
MSTRG.16916.1	0	2112	0
MSTRG.16919.1	82	3244	2.52774
MSTRG.16923.6	56	2892	1.93638
MSTRG.16925.2	78	4856	1.60626
MSTRG.16947.1	0	240	0
MSTRG.16951.1	0	474	0
MSTRG.16969.1	0	397	0
MSTRG.1697.1	0	410	0
MSTRG.16972.1	0	823	0
MSTRG.16976.1	0	435	0
MSTRG.16977.1	0	249	0
MSTRG.16978.1	0	3640	0
MSTRG.16979.1	0	1064	0
MSTRG.1698.3	0	1763	0
MSTRG.16995.1	0	224	0
MSTRG.16997.1	0	748	0
MSTRG.17000.1	0	1059	0
MSTRG.17008.1	0	807	0
MSTRG.170.1	0	362	0
MSTRG.17018.1	0	249	0
MSTRG.17062.1	0	892	0
MSTRG.17067.1	0	700	0
MSTRG.17070.1	0	814	0
MSTRG.17088.1	60	2982	2.01207
MSTRG.17106.2	0	829	0
MSTRG.17107.1	0	1028	0
MSTRG.1712.1	0	1887	0
MSTRG.17124.2	34	2738	1.24178
MSTRG.17127.4	48	5835	0.822622
MSTRG.17132.1	0	256	0
MSTRG.17133.1	0	1564	0
MSTRG.17163.1	486	2036	23.8703
MSTRG.17169.1	0	960	0
MSTRG.17174.1	0	2100	0
MSTRG.17177.1	0	879	0
MSTRG.17178.1	0	1844	0
MSTRG.17179.1	0	589	0
MSTRG.1719.1	0	342	0
MSTRG.1720.1	0	288	0
MSTRG.17205.1	0	945	0
MSTRG.17206.4	0	1800	0
MSTRG.17210.1	135	1757	7.68355
MSTRG.17234.1	440	700	62.8571
MSTRG.17245.1	34	292	11.6438
MSTRG.1725.1	675	3057	22.0805
MSTRG.17268.1	126	390	32.3077
MSTRG.17273.1	0	987	0
MSTRG.17281.1	0	227	0
MSTRG.17291.1	0	869	0
MSTRG.17295.1	0	624	0
MSTRG.17304.1	0	983	0
MSTRG.17306.2	218	2665	8.18011
MSTRG.173.1	46	544	8.45588
MSTRG.17313.1	0	213	0
MSTRG.17315.2	0	507	0
MSTRG.17332.1	427	4820	8.85892
MSTRG.17334.4	0	873	0
MSTRG.17360.1	61	2961	2.06011
MSTRG.17369.1	0	2501	0
MSTRG.17371.1	19	282	6.73759
MSTRG.17373.1	0	436	0
MSTRG.17374.1	0	1226	0
MSTRG.17388.1	0	9872	0
MSTRG.17389.1	0	688	0
MSTRG.17390.1	0	3348	0
MSTRG.17391.2	0	2243	0
MSTRG.17397.1	35	1079	3.24374
MSTRG.17407.1	0	2187	0
MSTRG.17409.1	0	2433	0
MSTRG.17412.1	0	1343	0
MSTRG.17415.2	0	2082	0
MSTRG.17416.1	0	875	0
MSTRG.17421.1	0	250	0
MSTRG.17426.1	0	266	0
MSTRG.17427.1	0	815	0
MSTRG.17430.1	0	991	0
MSTRG.17434.1	0	1023	0
MSTRG.17442.1	99	354	27.9661
MSTRG.17446.1	261	1908	13.6792
MSTRG.17447.1	0	348	0
MSTRG.17452.1	18	284	6.33803
MSTRG.17469.1	77	855	9.00585
MSTRG.17470.2	0	1466	0
MSTRG.17473.5	0	2006	0
MSTRG.17474.1	117	10039	1.16545
MSTRG.17477.2	39	212	18.3962
MSTRG.17481.1	0	456	0
MSTRG.17483.5	0	894	0
MSTRG.17484.1	0	1316	0
MSTRG.17500.1	58	2433	2.38389
MSTRG.1750.1	0	228	0
MSTRG.17506.1	34	1199	2.8357
MSTRG.175.1	0	653	0
MSTRG.17510.1	72	1148	6.27178
MSTRG.1751.1	0	384	0
MSTRG.17511.1	0	1465	0
MSTRG.17516.2	123	1898	6.48051
MSTRG.17518.5	93	1786	5.20717
MSTRG.17522.1	0	367	0
MSTRG.17533.1	0	1573	0
MSTRG.1754.2	342	2347	14.5718
MSTRG.17542.1	0	1610	0
MSTRG.1755.1	0	997	0
MSTRG.17561.1	0	1376	0
MSTRG.17564.1	0	760	0
MSTRG.17568.2	0	1136	0
MSTRG.17577.1	0	1756	0
MSTRG.17584.1	0	942	0
MSTRG.17590.1	0	1451	0
MSTRG.1759.1	279	1575	17.7143
MSTRG.176.1	0	1660	0
MSTRG.1761.1	0	904	0
MSTRG.17611.1	0	1816	0
MSTRG.17613.1	0	2540	0
MSTRG.17614.1	0	316	0
MSTRG.17615.1	0	276	0
MSTRG.17623.1	0	1017	0
MSTRG.17630.1	0	760	0
MSTRG.1764.1	0	245	0
MSTRG.1765.1	0	2552	0
MSTRG.17651.1	0	2986	0
MSTRG.17658.1	0	1456	0
MSTRG.17659.1	0	2005	0
MSTRG.17660.1	0	205	0
MSTRG.17661.3	0	2977	0
MSTRG.17662.1	0	662	0
MSTRG.17671.2	325	2327	13.9665
MSTRG.17693.1	0	313	0
MSTRG.17695.1	0	1475	0
MSTRG.17718.2	0	821	0
MSTRG.17720.1	0	540	0
MSTRG.17721.5	0	892	0
MSTRG.17723.1	0	466	0
MSTRG.17743.1	48	2345	2.04691
MSTRG.17744.1	48	1673	2.8691
MSTRG.17769.1	236	3013	7.83272
MSTRG.1777.1	0	1134	0
MSTRG.17771.2	25	368	6.79348
MSTRG.178.1	0	1226	0
MSTRG.1787.3	217	622	34.8875
MSTRG.1796.1	0	3874	0
MSTRG.1799.1	66	1816	3.63436
MSTRG.1800.1	66	541	12.1996
MSTRG.1802.1	0	2231	0
MSTRG.18.1	0	225	0
MSTRG.1812.1	0	1400	0
MSTRG.1815.1	57	731	7.79754
MSTRG.1816.1	0	1609	0
MSTRG.1818.4	0	2554	0
MSTRG.1820.1	0	2523	0
MSTRG.1830.1	54	1597	3.38134
MSTRG.1834.1	0	1425	0
MSTRG.1836.1	0	1781	0
MSTRG.1849.1	0	2108	0
MSTRG.1861.1	54	2971	1.81757
MSTRG.1865.1	0	310	0
MSTRG.1871.1	510	3060	16.6667
MSTRG.1879.3	0	1006	0
MSTRG.1901.1	0	2811	0
MSTRG.1905.1	0	1664	0
MSTRG.1912.1	58	8241	0.703798
MSTRG.1916.1	176	1393	12.6346
MSTRG.1924.5	0	1948	0
MSTRG.1937.1	98	546	17.9487
MSTRG.1939.1	70	1743	4.01606
MSTRG.1941.1	304	702	43.3048
MSTRG.1947.1	0	524	0
MSTRG.195.1	0	1053	0
MSTRG.1952.1	0	1292	0
MSTRG.1963.1	296	431	68.6775
MSTRG.1965.1	470	4291	10.9532
MSTRG.1968.1	0	568	0
MSTRG.1969.1	0	403	0
MSTRG.1973.1	0	1440	0
MSTRG.1988.1	0	375	0
MSTRG.1991.1	0	847	0
MSTRG.1994.1	0	642	0
MSTRG.2000.1	115	2375	4.84211
MSTRG.2008.1	0	1048	0
MSTRG.2014.1	0	1721	0
MSTRG.2017.1	170	1905	8.92388
MSTRG.2020.1	0	1499	0
MSTRG.2023.1	948	1491	63.5815
MSTRG.2030.1	178	1156	15.3979
MSTRG.2031.1	0	909	0
MSTRG.2035.1	100	1252	7.98722
MSTRG.2036.1	0	1187	0
MSTRG.2037.1	1090	2254	48.3585
MSTRG.2038.1	35	566	6.18375
MSTRG.2039.1	0	1035	0
MSTRG.2041.1	0	1677	0
MSTRG.2048.1	763	2572	29.6656
MSTRG.2050.2	0	1022	0
MSTRG.2053.1	35	255	13.7255
MSTRG.2059.1	0	1805	0
MSTRG.2065.1	0	204	0
MSTRG.2076.5	0	2699	0
MSTRG.2084.1	0	1949	0
MSTRG.2086.1	0	554	0
MSTRG.2087.1	87	1020	8.52941
MSTRG.211.1	0	220	0
MSTRG.2113.1	82	804	10.199
MSTRG.2117.1	0	920	0
MSTRG.2144.1	0	1624	0
MSTRG.2149.1	0	780	0
MSTRG.2150.3	697	4067	17.1379
MSTRG.2152.1	0	1023	0
MSTRG.2158.1	33	307	10.7492
MSTRG.2165.2	54	3598	1.50083
MSTRG.2167.1	46	2048	2.24609
MSTRG.217.1	105	548	19.1606
MSTRG.2171.3	0	4003	0
MSTRG.2173.6	239	1925	12.4156
MSTRG.2183.1	0	333	0
MSTRG.2196.1	96	1660	5.78313
MSTRG.2218.1	0	320	0
MSTRG.2229.1	1	332	0.301205
MSTRG.223.7	112	3290	3.40426
MSTRG.2237.1	148	744	19.8925
MSTRG.2243.1	0	632	0
MSTRG.2248.7	0	3065	0
MSTRG.2251.1	0	313	0
MSTRG.2257.1	0	399	0
MSTRG.2265.3	0	1862	0
MSTRG.2276.1	0	521	0
MSTRG.2286.1	0	854	0
MSTRG.2289.1	0	444	0
MSTRG.2290.1	0	873	0
MSTRG.2300.1	136	2353	5.77986
MSTRG.2305.1	0	509	0
MSTRG.2311.1	0	207	0
MSTRG.2315.1	0	247	0
MSTRG.2317.1	246	802	30.6733
MSTRG.2326.1	30	535	5.60748
MSTRG.2333.1	107	2890	3.70242
MSTRG.2334.6	0	1683	0
MSTRG.2340.2	143	2188	6.53565
MSTRG.2342.1	0	2250	0
MSTRG.2343.15	49	3143	1.55902
MSTRG.2346.1	0	1009	0
MSTRG.2348.1	0	305	0
MSTRG.2349.1	0	502	0
MSTRG.2351.1	123	1617	7.60668
MSTRG.2354.4	1125	2467	45.6019
MSTRG.2364.2	0	1322	0
MSTRG.2373.1	44	4232	1.0397
MSTRG.2380.1	0	701	0
MSTRG.2386.1	0	899	0
MSTRG.2393.1	0	486	0
MSTRG.2394.1	0	337	0
MSTRG.2395.1	0	308	0
MSTRG.2396.1	0	284	0
MSTRG.2397.1	0	299	0
MSTRG.2400.2	161	3713	4.33612
MSTRG.2419.1	0	2347	0
MSTRG.2424.1	50	4040	1.23762
MSTRG.2425.1	39	788	4.94924
MSTRG.2436.1	94	5356	1.75504
MSTRG.244.1	0	1324	0
MSTRG.2450.1	0	740	0
MSTRG.2464.2	100	1824	5.48246
MSTRG.2467.1	0	1695	0
MSTRG.2487.1	0	265	0
MSTRG.2488.1	0	1248	0
MSTRG.2499.1	0	249	0
MSTRG.2514.1	0	205	0
MSTRG.2519.1	0	783	0
MSTRG.2520.1	46	745	6.1745
MSTRG.2524.1	0	1122	0
MSTRG.2525.1	0	1007	0
MSTRG.2547.1	0	895	0
MSTRG.2548.1	0	1790	0
MSTRG.256.1	0	1694	0
MSTRG.2569.1	459	1157	39.6716
MSTRG.2578.1	104	1725	6.02899
MSTRG.2581.1	0	321	0
MSTRG.2589.1	676	1731	39.0526
MSTRG.2598.4	0	1680	0
MSTRG.2607.1	319	2773	11.5038
MSTRG.2619.1	0	2174	0
MSTRG.262.1	0	2011	0
MSTRG.2623.1	127	2144	5.92351
MSTRG.264.1	0	230	0
MSTRG.2687.1	0	948	0
MSTRG.2688.1	0	1265	0
MSTRG.2700.2	1253	4937	25.3798
MSTRG.2704.1	0	1371	0
MSTRG.2715.6	0	333	0
MSTRG.2716.1	0	291	0
MSTRG.2717.1	0	214	0
MSTRG.2718.1	0	2544	0
MSTRG.2726.1	0	892	0
MSTRG.2727.4	0	3510	0
MSTRG.2731.1	91	2110	4.3128
MSTRG.2734.1	0	260	0
MSTRG.274.2	0	1091	0
MSTRG.2744.1	0	1559	0
MSTRG.2755.1	0	2052	0
MSTRG.2772.2	293	1038	28.2274
MSTRG.2776.1	0	606	0
MSTRG.2777.1	0	1310	0
MSTRG.2778.1	0	2794	0
MSTRG.2785.1	0	1195	0
MSTRG.2805.1	52	848	6.13208
MSTRG.2808.3	0	1275	0
MSTRG.2809.2	0	6620	0
MSTRG.28.1	38	2104	1.80608
MSTRG.2810.1	0	542	0
MSTRG.2819.1	0	2720	0
MSTRG.2820.4	0	1538	0
MSTRG.282.1	55	530	10.3774
MSTRG.2822.1	0	1211	0
MSTRG.2823.1	0	652	0
MSTRG.2824.1	0	1795	0
MSTRG.2831.1	51	1132	4.5053
MSTRG.2832.1	17	648	2.62346
MSTRG.2837.2	0	1099	0
MSTRG.2839.1	0	268	0
MSTRG.2840.1	0	4344	0
MSTRG.2841.1	0	787	0
MSTRG.2849.1	0	516	0
MSTRG.2850.1	0	941	0
MSTRG.2853.1	0	1990	0
MSTRG.286.1	0	625	0
MSTRG.2870.1	0	434	0
MSTRG.2871.1	0	464	0
MSTRG.2875.1	0	261	0
MSTRG.2882.1	0	313	0
MSTRG.2891.1	0	396	0
MSTRG.289.2	61	2631	2.31851
MSTRG.2896.1	0	2833	0
MSTRG.2901.1	97	327	29.6636
MSTRG.2910.2	0	996	0
MSTRG.2921.1	73	759	9.61792
MSTRG.2922.1	15	1335	1.1236
MSTRG.2923.1	0	3420	0
MSTRG.2928.1	0	643	0
MSTRG.2933.1	0	580	0
MSTRG.2940.1	0	733	0
MSTRG.2942.1	0	650	0
MSTRG.2945.1	0	322	0
MSTRG.2954.1	0	253	0
MSTRG.2958.1	128	2313	5.53394
MSTRG.2959.1	0	529	0
MSTRG.2961.6	313	5856	5.34495
MSTRG.2963.1	0	296	0
MSTRG.2966.1	0	600	0
MSTRG.2974.1	66	1167	5.65553
MSTRG.298.1	0	210	0
MSTRG.2983.1	1217	4231	28.7639
MSTRG.2987.1	0	299	0
MSTRG.299.1	0	659	0
MSTRG.2992.1	210	393	53.4351
MSTRG.2993.1	0	323	0
MSTRG.3003.1	0	298	0
MSTRG.3010.1	128	1602	7.99001
MSTRG.3012.1	51	205	24.878
MSTRG.3016.1	934	5727	16.3087
MSTRG.3032.1	401	627	63.9553
MSTRG.3033.1	1369	1369	100
MSTRG.3041.1	11404	70712	16.1274
MSTRG.3044.1	0	453	0
MSTRG.3045.1	33	2247	1.46862
MSTRG.3057.1	176	207	85.0242
MSTRG.3094.1	62	2702	2.2946
MSTRG.3.1	390	607	64.2504
MSTRG.3108.1	0	870	0
MSTRG.31.1	0	226	0
MSTRG.3111.1	0	284	0
MSTRG.3112.1	0	201	0
MSTRG.3113.1	0	2489	0
MSTRG.3115.1	1362	6451	21.113
MSTRG.3116.1	0	831	0
MSTRG.313.1	0	1811	0
MSTRG.3145.1	0	2365	0
MSTRG.315.1	232	4048	5.73123
MSTRG.3152.1	0	805	0
MSTRG.3154.1	0	1073	0
MSTRG.3182.1	0	1233	0
MSTRG.3189.1	0	287	0
MSTRG.3198.1	0	2408	0
MSTRG.3210.1	182	2149	8.46906
MSTRG.3212.1	0	406	0
MSTRG.3217.1	0	1299	0
MSTRG.3221.1	0	497	0
MSTRG.3228.1	0	626	0
MSTRG.323.3	0	335	0
MSTRG.3239.1	0	373	0
MSTRG.3243.1	0	1240	0
MSTRG.3244.1	0	604	0
MSTRG.3248.1	0	556	0
MSTRG.3255.1	0	205	0
MSTRG.3258.1	0	1850	0
MSTRG.3260.1	0	1073	0
MSTRG.3281.3	72	2909	2.47508
MSTRG.3298.1	174	840	20.7143
MSTRG.3326.1	0	623	0
MSTRG.3327.1	0	1042	0
MSTRG.3333.1	0	500	0
MSTRG.3334.2	42	1667	2.5195
MSTRG.334.1	0	2424	0
MSTRG.3341.1	0	491	0
MSTRG.3350.1	0	1939	0
MSTRG.3352.3	434	1439	30.1598
MSTRG.3357.1	114	1486	7.6716
MSTRG.3364.3	0	1557	0
MSTRG.3371.2	0	1239	0
MSTRG.3374.1	0	1514	0
MSTRG.3381.1	0	857	0
MSTRG.3387.5	0	1507	0
MSTRG.3389.1	0	1970	0
MSTRG.3395.1	39	363	10.7438
MSTRG.3396.1	0	343	0
MSTRG.3403.1	0	359	0
MSTRG.3405.1	27	511	5.28376
MSTRG.3417.1	0	337	0
MSTRG.3420.8	0	2018	0
MSTRG.342.1	140	2074	6.75024
MSTRG.3426.1	0	720	0
MSTRG.3434.1	0	282	0
MSTRG.3438.1	0	1074	0
MSTRG.344.1	0	1134	0
MSTRG.3441.1	49	1376	3.56105
MSTRG.3442.2	124	4410	2.81179
MSTRG.3443.1	0	3796	0
MSTRG.346.1	0	2065	0
MSTRG.3468.1	56	3196	1.75219
MSTRG.347.1	0	1612	0
MSTRG.3478.1	0	255	0
MSTRG.3480.1	0	366	0
MSTRG.3485.1	0	796	0
MSTRG.3487.1	174	452	38.4956
MSTRG.349.1	0	469	0
MSTRG.3491.7	0	2602	0
MSTRG.3500.1	0	349	0
MSTRG.3502.1	361	634	56.9401
MSTRG.3504.1	0	543	0
MSTRG.3508.3	88	6662	1.32092
MSTRG.3513.1	0	1160	0
MSTRG.3521.1	113	1008	11.2103
MSTRG.3522.1	0	207	0
MSTRG.3528.1	0	1458	0
MSTRG.3529.1	0	1640	0
MSTRG.3533.1	186	1649	11.2796
MSTRG.3535.1	0	703	0
MSTRG.3537.1	0	1298	0
MSTRG.3539.1	12	1014	1.18343
MSTRG.3544.1	0	834	0
MSTRG.3546.1	0	729	0
MSTRG.3557.1	0	607	0
MSTRG.3565.1	0	867	0
MSTRG.3566.1	48	859	5.58789
MSTRG.3568.1	0	423	0
MSTRG.3573.1	303	5688	5.327
MSTRG.3575.2	0	3342	0
MSTRG.3579.1	183	425	43.0588
MSTRG.3588.1	0	911	0
MSTRG.3602.1	187	2536	7.37382
MSTRG.3603.1	96	1460	6.57534
MSTRG.3613.1	0	826	0
MSTRG.3615.1	0	221	0
MSTRG.3616.1	0	269	0
MSTRG.3620.1	71	1376	5.15988
MSTRG.3639.1	0	263	0
MSTRG.3642.1	0	216	0
MSTRG.3649.1	0	1394	0
MSTRG.3667.1	133	1583	8.40177
MSTRG.3684.1	0	1574	0
MSTRG.3686.1	0	488	0
MSTRG.3696.1	12	994	1.20724
MSTRG.3701.1	0	2061	0
MSTRG.3704.1	0	779	0
MSTRG.3705.2	219	1886	11.6119
MSTRG.3709.1	0	1603	0
MSTRG.3712.1	0	469	0
MSTRG.3722.1	88	1723	5.10737
MSTRG.3730.2	117	7029	1.66453
MSTRG.3731.1	75	3636	2.06271
MSTRG.3732.1	0	2678	0
MSTRG.3735.1	0	362	0
MSTRG.3736.1	26	787	3.30368
MSTRG.3755.1	0	357	0
MSTRG.3758.1	0	1716	0
MSTRG.3764.1	0	1859	0
MSTRG.3770.1	0	4155	0
MSTRG.3771.1	0	2334	0
MSTRG.3773.4	0	3123	0
MSTRG.3782.1	0	308	0
MSTRG.3794.6	108	8750	1.23429
MSTRG.3796.1	0	401	0
MSTRG.3798.1	0	1966	0
MSTRG.3799.6	0	667	0
MSTRG.3800.1	0	267	0
MSTRG.3801.1	0	906	0
MSTRG.3802.1	0	363	0
MSTRG.3804.1	0	815	0
MSTRG.3811.1	250	2211	11.3071
MSTRG.3816.1	0	526	0
MSTRG.3833.1	0	377	0
MSTRG.3834.1	0	1000	0
MSTRG.3843.1	694	2228	31.149
MSTRG.3864.1	284	5288	5.37065
MSTRG.3866.1	108	1294	8.34621
MSTRG.3885.1	322	1892	17.019
MSTRG.3887.1	381	1935	19.6899
MSTRG.3888.1	37	368	10.0543
MSTRG.3890.1	0	1139	0
MSTRG.3903.1	0	1642	0
MSTRG.3904.1	0	1380	0
MSTRG.3907.1	132	1785	7.39496
MSTRG.3909.11	0	833	0
MSTRG.3912.1	0	334	0
MSTRG.3920.1	0	362	0
MSTRG.3921.1	0	350	0
MSTRG.3922.2	0	364	0
MSTRG.3936.1	0	1574	0
MSTRG.3937.1	45	3682	1.22216
MSTRG.3943.1	0	220	0
MSTRG.3944.1	68	959	7.09072
MSTRG.3955.1	77	1952	3.94467
MSTRG.3968.1	0	1062	0
MSTRG.3974.1	49	702	6.98006
MSTRG.3979.1	0	1717	0
MSTRG.3986.1	0	1005	0
MSTRG.3992.1	0	322	0
MSTRG.3994.3	73	1539	4.74334
MSTRG.3995.2	60	582	10.3093
MSTRG.3996.1	0	865	0
MSTRG.4000.1	0	245	0
MSTRG.4002.1	0	5937	0
MSTRG.4005.1	0	1215	0
MSTRG.4029.2	0	315	0
MSTRG.4038.2	23	639	3.59937
MSTRG.4039.1	0	799	0
MSTRG.4047.2	0	551	0
MSTRG.4051.1	71	1370	5.18248
MSTRG.4056.2	44	2906	1.51411
MSTRG.4057.1	0	1077	0
MSTRG.4058.1	0	371	0
MSTRG.4075.1	0	810	0
MSTRG.4076.10	66	3459	1.90807
MSTRG.4077.2	64	1996	3.20641
MSTRG.4079.3	35	2706	1.29342
MSTRG.4081.1	35	1081	3.23774
MSTRG.4082.1	0	1166	0
MSTRG.4083.1	0	1682	0
MSTRG.4084.1	0	215	0
MSTRG.4085.1	0	315	0
MSTRG.4086.1	0	502	0
MSTRG.4095.3	138	2721	5.07166
MSTRG.4099.1	60	1642	3.65408
MSTRG.410.1	0	1470	0
MSTRG.4102.1	0	353	0
MSTRG.4105.1	0	1188	0
MSTRG.4110.1	0	354	0
MSTRG.4113.1	200	3054	6.54879
MSTRG.4114.1	87	856	10.1636
MSTRG.4119.1	0	317	0
MSTRG.413.1	0	967	0
MSTRG.4131.3	0	1947	0
MSTRG.4141.8	145	5340	2.71536
MSTRG.4146.1	0	305	0
MSTRG.417.1	0	1323	0
MSTRG.4181.3	580	3475	16.6906
MSTRG.4184.1	0	2526	0
MSTRG.4185.1	0	475	0
MSTRG.4188.1	0	843	0
MSTRG.4197.1	0	950	0
MSTRG.4206.1	0	300	0
MSTRG.4208.1	0	647	0
MSTRG.42.1	0	1569	0
MSTRG.4210.1	0	436	0
MSTRG.4212.3	0	2841	0
MSTRG.4214.1	0	263	0
MSTRG.4225.1	0	2427	0
MSTRG.4258.1	78	1086	7.18232
MSTRG.4265.1	0	753	0
MSTRG.4267.1	0	328	0
MSTRG.4268.1	0	544	0
MSTRG.4275.1	0	517	0
MSTRG.4277.1	75	2593	2.8924
MSTRG.4280.18	0	2735	0
MSTRG.4288.1	0	622	0
MSTRG.4305.2	0	5428	0
MSTRG.431.1	0	754	0
MSTRG.4311.16	0	1535	0
MSTRG.4313.4	46	3417	1.34621
MSTRG.4314.1	57	1183	4.81826
MSTRG.4315.1	37	985	3.75635
MSTRG.4318.1	0	1324	0
MSTRG.4321.1	0	1880	0
MSTRG.4322.1	0	925	0
MSTRG.4323.1	61	2531	2.41011
MSTRG.4324.1	62	1790	3.46369
MSTRG.4340.2	52	754	6.89655
MSTRG.4345.1	0	387	0
MSTRG.4360.1	0	618	0
MSTRG.4363.1	0	407	0
MSTRG.4369.1	69	2686	2.56888
MSTRG.4373.1	0	522	0
MSTRG.4379.1	0	221	0
MSTRG.4382.4	237	6447	3.67613
MSTRG.4384.1	237	3051	7.76794
MSTRG.4385.1	0	477	0
MSTRG.4390.2	0	1307	0
MSTRG.4392.1	0	2349	0
MSTRG.4396.1	0	475	0
MSTRG.4402.1	54	3572	1.51176
MSTRG.441.1	0	2078	0
MSTRG.442.1	0	1386	0
MSTRG.4426.1	0	466	0
MSTRG.443.1	48	3233	1.48469
MSTRG.4437.1	0	868	0
MSTRG.4439.1	0	376	0
MSTRG.4441.1	0	407	0
MSTRG.446.1	0	994	0
MSTRG.4466.1	0	1374	0
MSTRG.4469.1	0	679	0
MSTRG.447.1	83	1856	4.47198
MSTRG.4474.1	0	2905	0
MSTRG.4484.1	0	567	0
MSTRG.450.1	0	1005	0
MSTRG.4509.1	0	747	0
MSTRG.4512.1	0	1831	0
MSTRG.4514.6	53	3503	1.51299
MSTRG.4522.1	79	3000	2.63333
MSTRG.4528.1	0	1297	0
MSTRG.4530.1	0	2403	0
MSTRG.4531.1	0	774	0
MSTRG.4535.1	0	2118	0
MSTRG.4539.1	0	478	0
MSTRG.4553.1	0	385	0
MSTRG.4561.1	0	2290	0
MSTRG.4562.1	65	940	6.91489
MSTRG.4567.2	38	954	3.98323
MSTRG.4568.1	38	320	11.875
MSTRG.4569.1	0	877	0
MSTRG.4570.1	0	1839	0
MSTRG.4571.1	0	762	0
MSTRG.4575.1	0	558	0
MSTRG.4582.1	0	293	0
MSTRG.4583.1	0	2079	0
MSTRG.4591.1	0	429	0
MSTRG.4596.1	0	425	0
MSTRG.4601.1	0	483	0
MSTRG.4605.1	0	4080	0
MSTRG.4610.1	137	2033	6.73881
MSTRG.4613.1	0	456	0
MSTRG.4614.1	0	703	0
MSTRG.4633.1	0	444	0
MSTRG.4643.1	723	1094	66.0878
MSTRG.4650.1	0	320	0
MSTRG.4654.1	3	1567	0.191449
MSTRG.4669.1	54	492	10.9756
MSTRG.4675.1	0	516	0
MSTRG.4684.1	16	891	1.79574
MSTRG.4685.1	0	1467	0
MSTRG.4689.2	67	1475	4.54237
MSTRG.4690.2	0	2580	0
MSTRG.4693.1	200	1868	10.7066
MSTRG.4696.1	0	275	0
MSTRG.4698.1	0	636	0
MSTRG.4699.1	101	3994	2.52879
MSTRG.4701.1	0	1116	0
MSTRG.4702.1	0	1846	0
MSTRG.4716.3	0	1036	0
MSTRG.4718.1	0	712	0
MSTRG.4728.1	0	483	0
MSTRG.4735.1	0	592	0
MSTRG.4792.1	0	557	0
MSTRG.4793.1	374	3005	12.4459
MSTRG.4794.4	318	1794	17.7258
MSTRG.4795.1	0	1248	0
MSTRG.4808.1	33	1713	1.92644
MSTRG.4810.1	0	641	0
MSTRG.4812.1	0	2449	0
MSTRG.4824.1	570	1562	36.4917
MSTRG.4829.1	0	989	0
MSTRG.4844.1	0	364	0
MSTRG.4856.1	68	640	10.625
MSTRG.4866.1	120	565	21.2389
MSTRG.4874.1	167	456	36.6228
MSTRG.4876.1	0	413	0
MSTRG.4888.1	0	3467	0
MSTRG.489.1	0	701	0
MSTRG.4899.1	0	309	0
MSTRG.490.1	0	350	0
MSTRG.4901.1	0	499	0
MSTRG.4910.1	0	1175	0
MSTRG.4912.1	0	3042	0
MSTRG.4915.1	0	1330	0
MSTRG.4923.2	0	8647	0
MSTRG.4926.1	0	1975	0
MSTRG.4927.1	0	628	0
MSTRG.4929.1	0	485	0
MSTRG.4942.1	0	1390	0
MSTRG.4957.1	0	1038	0
MSTRG.4960.1	0	1321	0
MSTRG.4966.1	187	4890	3.82413
MSTRG.4980.1	0	1037	0
MSTRG.4983.1	76	1301	5.84166
MSTRG.4984.1	0	225	0
MSTRG.50.1	0	894	0
MSTRG.5016.1	0	1356	0
MSTRG.5021.1	0	732	0
MSTRG.5022.1	133	754	17.6393
MSTRG.5037.1	20	222	9.00901
MSTRG.5047.1	0	229	0
MSTRG.5052.1	0	273	0
MSTRG.5058.1	0	204	0
MSTRG.5062.1	0	585	0
MSTRG.5073.4	70	2418	2.89495
MSTRG.5091.1	0	560	0
MSTRG.5098.1	0	5223	0
MSTRG.5099.4	0	4249	0
MSTRG.5100.1	0	207	0
MSTRG.5102.1	140	307	45.6026
MSTRG.5108.1	0	769	0
MSTRG.5139.1	0	452	0
MSTRG.5154.5	0	2552	0
MSTRG.5161.1	40	760	5.26316
MSTRG.5175.1	0	932	0
MSTRG.5176.1	0	514	0
MSTRG.5181.1	0	202	0
MSTRG.5182.2	62	2836	2.18618
MSTRG.5184.3	62	533	11.6323
MSTRG.5189.1	0	1128	0
MSTRG.519.7	0	1651	0
MSTRG.5200.2	0	1335	0
MSTRG.5213.1	68	3703	1.83635
MSTRG.522.1	36	650	5.53846
MSTRG.5227.1	0	2322	0
MSTRG.5235.1	0	2264	0
MSTRG.5240.1	0	924	0
MSTRG.5245.1	0	276	0
MSTRG.5252.1	92	1556	5.9126
MSTRG.5254.1	465	1228	37.8664
MSTRG.5261.1	0	541	0
MSTRG.5276.1	87	2185	3.98169
MSTRG.5280.1	0	824	0
MSTRG.5286.1	0	343	0
MSTRG.5288.2	0	1883	0
MSTRG.5289.1	0	283	0
MSTRG.5290.1	0	2436	0
MSTRG.5292.1	0	241	0
MSTRG.53.1	0	1516	0
MSTRG.5311.1	0	482	0
MSTRG.5321.1	498	2737	18.1951
MSTRG.5330.1	120	2564	4.68019
MSTRG.5336.1	137	273	50.1832
MSTRG.5345.1	0	1723	0
MSTRG.5347.1	278	1019	27.2816
MSTRG.5350.1	49	1824	2.6864
MSTRG.5352.1	163	954	17.086
MSTRG.5370.1	41	891	4.60157
MSTRG.5376.1	101	226	44.6903
MSTRG.5377.1	641	1571	40.802
MSTRG.5391.2	0	404	0
MSTRG.5407.1	0	1003	0
MSTRG.5411.1	0	382	0
MSTRG.541.2	747	4334	17.2358
MSTRG.5419.1	0	2479	0
MSTRG.5421.1	0	403	0
MSTRG.5423.1	57	913	6.24315
MSTRG.5447.1	0	219	0
MSTRG.5453.1	0	311	0
MSTRG.5462.1	0	1738	0
MSTRG.5463.1	0	2636	0
MSTRG.5470.1	0	2055	0
MSTRG.5478.1	0	829	0
MSTRG.548.1	0	1404	0
MSTRG.5481.1	0	466	0
MSTRG.5487.2	0	570	0
MSTRG.5503.1	0	957	0
MSTRG.551.1	0	469	0
MSTRG.5520.1	0	322	0
MSTRG.5522.1	0	959	0
MSTRG.5523.1	0	370	0
MSTRG.5526.1	0	251	0
MSTRG.5542.3	0	4156	0
MSTRG.5543.1	0	3927	0
MSTRG.5544.1	0	323	0
MSTRG.5549.1	394	1248	31.5705
MSTRG.556.4	0	828	0
MSTRG.557.1	0	406	0
MSTRG.5591.1	0	898	0
MSTRG.5592.1	0	2704	0
MSTRG.5593.1	0	760	0
MSTRG.5597.1	23	1124	2.04626
MSTRG.5606.1	0	526	0
MSTRG.5611.2	0	1498	0
MSTRG.5619.1	0	4445	0
MSTRG.5631.1	0	212	0
MSTRG.5634.2	0	874	0
MSTRG.5638.1	0	202	0
MSTRG.5639.1	79	2361	3.34604
MSTRG.5653.1	0	1266	0
MSTRG.5662.1	0	2138	0
MSTRG.5667.1	0	1898	0
MSTRG.5668.1	0	280	0
MSTRG.5669.1	259	4431	5.84518
MSTRG.5670.1	5	218	2.29358
MSTRG.5685.1	0	2360	0
MSTRG.5688.1	0	1445	0
MSTRG.5689.1	0	288	0
MSTRG.5690.1	0	286	0
MSTRG.5694.1	687	1615	42.5387
MSTRG.5695.1	138	430	32.093
MSTRG.5697.2	118	2084	5.66219
MSTRG.5698.10	59	524	11.2595
MSTRG.570.1	0	248	0
MSTRG.5710.1	0	759	0
MSTRG.571.1	0	251	0
MSTRG.5718.1	0	1349	0
MSTRG.572.1	0	221	0
MSTRG.5725.2	0	1759	0
MSTRG.5731.1	0	783	0
MSTRG.5736.1	0	592	0
MSTRG.5738.1	0	302	0
MSTRG.5744.1	0	463	0
MSTRG.5751.1	0	1354	0
MSTRG.5753.1	0	1708	0
MSTRG.5754.1	0	258	0
MSTRG.5759.1	0	797	0
MSTRG.576.1	0	939	0
MSTRG.5773.1	0	1712	0
MSTRG.5785.1	0	1646	0
MSTRG.5795.2	0	404	0
MSTRG.5807.1	62	584	10.6164
MSTRG.58.1	0	422	0
MSTRG.5820.1	149	1725	8.63768
MSTRG.5828.1	79	1156	6.83391
MSTRG.5829.1	0	443	0
MSTRG.5833.1	0	262	0
MSTRG.5839.1	59	1767	3.33899
MSTRG.5841.1	0	1415	0
MSTRG.5852.1	19	494	3.84615
MSTRG.586.1	0	1245	0
MSTRG.5861.1	76	2738	2.77575
MSTRG.5866.1	0	327	0
MSTRG.5877.1	46	1043	4.41035
MSTRG.5878.1	0	625	0
MSTRG.588.1	0	1216	0
MSTRG.5891.1	0	1439	0
MSTRG.5892.1	0	989	0
MSTRG.5895.1	0	780	0
MSTRG.5899.1	0	276	0
MSTRG.59.2	0	1196	0
MSTRG.5921.1	0	550	0
MSTRG.5923.1	30	798	3.7594
MSTRG.5932.1	43	3320	1.29518
MSTRG.5933.1	0	874	0
MSTRG.5938.1	61	291	20.9622
MSTRG.5943.1	146	2390	6.10879
MSTRG.5946.1	0	1329	0
MSTRG.5948.1	48	2939	1.63321
MSTRG.5950.1	0	936	0
MSTRG.5953.1	23	538	4.27509
MSTRG.5955.1	0	1574	0
MSTRG.5959.1	0	551	0
MSTRG.5961.1	0	1425	0
MSTRG.5969.1	0	265	0
MSTRG.5975.2	154	2807	5.48628
MSTRG.5977.1	0	202	0
MSTRG.5978.1	154	1278	12.0501
MSTRG.6006.1	655	1502	43.6085
MSTRG.6011.1	38	1522	2.49671
MSTRG.6012.1	38	2126	1.78739
MSTRG.6015.1	0	425	0
MSTRG.6028.1	0	4294	0
MSTRG.6029.1	0	3761	0
MSTRG.6031.1	0	1745	0
MSTRG.6038.1	194	868	22.3502
MSTRG.6052.1	0	368	0
MSTRG.6059.1	0	449	0
MSTRG.6073.1	0	268	0
MSTRG.6075.1	0	242	0
MSTRG.6079.1	0	525	0
MSTRG.6081.1	0	220	0
MSTRG.6083.1	0	847	0
MSTRG.6088.1	0	1512	0
MSTRG.6101.4	0	2764	0
MSTRG.61.1	0	1567	0
MSTRG.6120.1	0	291	0
MSTRG.613.1	0	416	0
MSTRG.6133.1	0	1076	0
MSTRG.6140.1	0	538	0
MSTRG.6141.1	0	1294	0
MSTRG.6146.1	0	375	0
MSTRG.6152.1	0	418	0
MSTRG.6153.1	0	895	0
MSTRG.6159.1	0	940	0
MSTRG.6166.1	0	287	0
MSTRG.6167.1	0	1043	0
MSTRG.6170.1	0	528	0
MSTRG.6172.1	55	2545	2.1611
MSTRG.6175.6	0	1287	0
MSTRG.6181.1	0	249	0
MSTRG.6193.1	0	337	0
MSTRG.6199.1	0	1667	0
MSTRG.6203.1	0	584	0
MSTRG.6221.1	0	1069	0
MSTRG.6236.2	0	1664	0
MSTRG.6266.1	0	889	0
MSTRG.6268.1	0	1440	0
MSTRG.627.1	91	5273	1.72577
MSTRG.628.1	52	1403	3.70634
MSTRG.6282.1	0	266	0
MSTRG.6283.1	0	2290	0
MSTRG.6286.2	0	12006	0
MSTRG.6287.1	0	486	0
MSTRG.6288.1	0	876	0
MSTRG.6289.1	0	1979	0
MSTRG.6290.1	0	2118	0
MSTRG.6291.2	0	2963	0
MSTRG.629.2	52	3163	1.64401
MSTRG.6292.1	0	840	0
MSTRG.630.1	0	1656	0
MSTRG.6307.1	0	1569	0
MSTRG.63.1	0	1781	0
MSTRG.6314.1	0	688	0
MSTRG.6316.2	224	5777	3.87745
MSTRG.6329.1	89	381	23.3596
MSTRG.633.1	58	1319	4.39727
MSTRG.6333.1	0	659	0
MSTRG.6346.1	0	494	0
MSTRG.6349.1	0	1075	0
MSTRG.637.3	0	1169	0
MSTRG.6374.2	0	3561	0
MSTRG.6375.1	0	322	0
MSTRG.6381.1	0	1639	0
MSTRG.6382.2	73	2052	3.5575
MSTRG.6389.3	0	2031	0
MSTRG.6392.5	134	1427	9.39033
MSTRG.6395.1	0	663	0
MSTRG.6396.1	0	421	0
MSTRG.6398.1	0	541	0
MSTRG.640.2	0	1561	0
MSTRG.6402.1	0	3450	0
MSTRG.6404.1	0	437	0
MSTRG.6410.6	0	2581	0
MSTRG.6415.1	0	415	0
MSTRG.6444.9	0	1544	0
MSTRG.6446.1	0	3710	0
MSTRG.6447.1	0	472	0
MSTRG.6451.1	0	1103	0
MSTRG.6452.1	46	2086	2.20518
MSTRG.6453.1	87	803	10.8344
MSTRG.6454.4	0	2248	0
MSTRG.6457.2	64	3880	1.64948
MSTRG.6465.1	0	1199	0
MSTRG.647.1	0	667	0
MSTRG.6471.1	0	749	0
MSTRG.6472.1	623	2495	24.9699
MSTRG.6478.1	0	1622	0
MSTRG.6479.1	61	4716	1.29347
MSTRG.6488.1	612	2948	20.7598
MSTRG.649.1	0	4079	0
MSTRG.6491.1	0	2051	0
MSTRG.6492.1	0	526	0
MSTRG.6494.1	0	544	0
MSTRG.6499.1	0	645	0
MSTRG.6515.1	0	408	0
MSTRG.6516.1	0	1276	0
MSTRG.6521.1	0	1119	0
MSTRG.6532.1	0	2007	0
MSTRG.6541.1	12	2131	0.563116
MSTRG.6547.1	374	374	100
MSTRG.6549.1	0	437	0
MSTRG.6551.1	43	4753	0.904692
MSTRG.6556.1	0	499	0
MSTRG.6571.2	0	340	0
MSTRG.6572.1	0	290	0
MSTRG.6573.5	0	1890	0
MSTRG.6587.1	0	383	0
MSTRG.6608.1	0	755	0
MSTRG.6609.1	0	2880	0
MSTRG.6610.4	202	2648	7.6284
MSTRG.6612.1	52	347	14.9856
MSTRG.6623.1	0	369	0
MSTRG.6637.1	89	534	16.6667
MSTRG.6643.1	265	5017	5.28204
MSTRG.6651.1	0	618	0
MSTRG.6665.1	51	2294	2.22319
MSTRG.6666.1	0	201	0
MSTRG.6679.4	0	1328	0
MSTRG.6682.1	0	501	0
MSTRG.6691.2	0	1524	0
MSTRG.6696.1	0	1818	0
MSTRG.6701.5	0	1401	0
MSTRG.6706.1	427	2098	20.3527
MSTRG.6712.1	0	598	0
MSTRG.6714.1	0	932	0
MSTRG.6716.1	0	374	0
MSTRG.6720.1	0	552	0
MSTRG.6742.1	0	2592	0
MSTRG.6743.1	0	534	0
MSTRG.6744.1	0	1718	0
MSTRG.6755.1	0	1330	0
MSTRG.6760.1	48	2127	2.2567
MSTRG.676.1	739	4405	16.7764
MSTRG.6765.1	0	1911	0
MSTRG.6768.6	0	2924	0
MSTRG.6772.1	0	699	0
MSTRG.677.3	0	710	0
MSTRG.6773.1	210	4648	4.51807
MSTRG.6775.1	0	228	0
MSTRG.6776.1	0	1481	0
MSTRG.6778.1	0	1385	0
MSTRG.6782.1	0	3996	0
MSTRG.6789.1	0	715	0
MSTRG.679.1	0	649	0
MSTRG.6803.1	0	2685	0
MSTRG.6805.1	0	2926	0
MSTRG.6816.1	0	1494	0
MSTRG.6828.1	0	2993	0
MSTRG.683.1	144	4062	3.54505
MSTRG.6833.1	54	1682	3.21046
MSTRG.6835.1	0	3007	0
MSTRG.6838.2	0	1687	0
MSTRG.6842.1	0	639	0
MSTRG.6846.1	0	1788	0
MSTRG.6849.1	0	4994	0
MSTRG.6850.1	0	2021	0
MSTRG.6851.1	0	2291	0
MSTRG.6854.4	248	4903	5.05813
MSTRG.6862.2	0	637	0
MSTRG.6867.1	0	1002	0
MSTRG.6889.1	0	625	0
MSTRG.6891.1	302	2262	13.351
MSTRG.6900.1	0	1253	0
MSTRG.6911.1	0	584	0
MSTRG.6912.13	0	1038	0
MSTRG.6914.1	0	827	0
MSTRG.6915.1	0	387	0
MSTRG.6916.1	0	824	0
MSTRG.6929.1	0	240	0
MSTRG.6941.1	0	1367	0
MSTRG.6955.1	43	4200	1.02381
MSTRG.6979.1	0	1370	0
MSTRG.6990.2	28	408	6.86275
MSTRG.6999.1	0	621	0
MSTRG.7010.1	0	1187	0
MSTRG.701.1	0	1950	0
MSTRG.7016.1	4	3290	0.121581
MSTRG.7018.1	0	3628	0
MSTRG.7021.3	0	1650	0
MSTRG.7026.1	0	689	0
MSTRG.7035.1	0	475	0
MSTRG.704.1	0	946	0
MSTRG.7058.3	0	4238	0
MSTRG.7059.1	32	3231	0.990405
MSTRG.7063.1	0	415	0
MSTRG.7064.1	0	589	0
MSTRG.7065.1	0	3663	0
MSTRG.7066.1	0	261	0
MSTRG.7067.1	0	269	0
MSTRG.7068.1	0	413	0
MSTRG.7069.1	0	310	0
MSTRG.7070.1	72	2303	3.12636
MSTRG.707.1	0	2427	0
MSTRG.7076.1	0	228	0
MSTRG.7082.2	500	1617	30.9215
MSTRG.71.1	0	753	0
MSTRG.7126.1	0	951	0
MSTRG.7127.1	0	1494	0
MSTRG.7132.1	0	226	0
MSTRG.7143.4	0	261	0
MSTRG.7148.1	89	221	40.2715
MSTRG.7149.1	0	312	0
MSTRG.715.1	46	2516	1.8283
MSTRG.7151.2	0	587	0
MSTRG.716.1	0	695	0
MSTRG.7191.1	0	386	0
MSTRG.7197.1	0	803	0
MSTRG.7216.1	0	4109	0
MSTRG.7220.1	0	3310	0
MSTRG.7229.1	0	942	0
MSTRG.7232.1	0	277	0
MSTRG.7239.2	100	2410	4.14938
MSTRG.7245.1	0	320	0
MSTRG.7249.1	0	313	0
MSTRG.7250.1	0	669	0
MSTRG.7253.2	71	2653	2.67622
MSTRG.7254.1	71	605	11.7355
MSTRG.7276.1	0	1878	0
MSTRG.7280.2	72	1348	5.34125
MSTRG.7286.1	0	288	0
MSTRG.7287.1	0	236	0
MSTRG.7290.1	87	1403	6.201
MSTRG.729.1	496	3843	12.9066
MSTRG.7291.1	0	301	0
MSTRG.7292.1	0	365	0
MSTRG.7293.1	0	277	0
MSTRG.7304.1	0	1304	0
MSTRG.7311.1	141	2483	5.67861
MSTRG.7312.7	0	694	0
MSTRG.7315.1	428	3768	11.3588
MSTRG.7324.2	285	5490	5.19126
MSTRG.7325.1	0	306	0
MSTRG.7327.2	0	1469	0
MSTRG.7331.1	0	641	0
MSTRG.7345.1	0	1260	0
MSTRG.7350.2	456	1751	26.0423
MSTRG.7353.1	65	2128	3.05451
MSTRG.7354.1	0	263	0
MSTRG.7355.1	73	5491	1.32945
MSTRG.7357.1	0	2286	0
MSTRG.7366.1	37	3219	1.14943
MSTRG.7367.1	0	386	0
MSTRG.7368.1	114	4855	2.34809
MSTRG.7369.1	114	1812	6.29139
MSTRG.7372.2	0	825	0
MSTRG.7377.1	0	212	0
MSTRG.7380.1	0	896	0
MSTRG.7383.2	0	2386	0
MSTRG.7398.3	190	4082	4.65458
MSTRG.7416.1	63	1474	4.27408
MSTRG.7430.1	0	1904	0
MSTRG.7446.1	0	603	0
MSTRG.7453.1	0	263	0
MSTRG.7459.1	0	668	0
MSTRG.7469.1	0	4176	0
MSTRG.7488.1	9	3540	0.254237
MSTRG.7490.1	51	511	9.98043
MSTRG.749.1	0	2410	0
MSTRG.7502.1	0	788	0
MSTRG.7503.1	0	441	0
MSTRG.7513.1	28	969	2.88958
MSTRG.7517.1	67	353	18.9802
MSTRG.7542.3	66	1573	4.1958
MSTRG.7551.1	53	3253	1.62927
MSTRG.7558.1	0	478	0
MSTRG.7563.3	0	1407	0
MSTRG.7574.1	0	2394	0
MSTRG.7595.1	5	569	0.878735
MSTRG.7598.1	0	207	0
MSTRG.7599.1	0	404	0
MSTRG.7616.4	0	2374	0
MSTRG.7623.1	0	217	0
MSTRG.7624.1	0	1814	0
MSTRG.7633.1	0	460	0
MSTRG.7634.1	0	918	0
MSTRG.764.1	0	1028	0
MSTRG.7647.10	0	5019	0
MSTRG.7649.3	0	4376	0
MSTRG.7655.5	0	1492	0
MSTRG.7656.2	0	256	0
MSTRG.7663.3	0	1520	0
MSTRG.7668.4	251	2023	12.4073
MSTRG.7669.1	40	240	16.6667
MSTRG.7686.2	0	678	0
MSTRG.769.1	0	804	0
MSTRG.7695.1	67	324	20.679
MSTRG.7698.1	62	1611	3.84854
MSTRG.7702.3	1464	3124	46.863
MSTRG.7706.1	0	286	0
MSTRG.772.1	0	1311	0
MSTRG.7721.4	0	452	0
MSTRG.7724.1	0	670	0
MSTRG.7725.1	0	2544	0
MSTRG.773.1	0	1276	0
MSTRG.7740.1	0	4119	0
MSTRG.7743.1	0	572	0
MSTRG.775.1	0	460	0
MSTRG.7751.1	0	319	0
MSTRG.7752.1	91	1411	6.44933
MSTRG.7753.1	40	1359	2.94334
MSTRG.7756.1	0	692	0
MSTRG.7758.3	42	4521	0.928998
MSTRG.7761.3	42	6272	0.669643
MSTRG.7764.1	0	1619	0
MSTRG.7766.1	0	335	0
MSTRG.7770.6	0	404	0
MSTRG.7771.1	0	556	0
MSTRG.7774.1	0	293	0
MSTRG.7776.1	0	218	0
MSTRG.7780.5	72	8622	0.835073
MSTRG.778.1	0	1421	0
MSTRG.7794.1	0	1526	0
MSTRG.7800.8	112	2877	3.89294
MSTRG.7801.1	0	636	0
MSTRG.7803.1	0	286	0
MSTRG.7804.1	0	1265	0
MSTRG.7806.1	0	1203	0
MSTRG.7808.1	219	2161	10.1342
MSTRG.7809.1	200	2133	9.37647
MSTRG.781.1	0	1056	0
MSTRG.7814.1	0	2345	0
MSTRG.7817.1	0	2253	0
MSTRG.7818.1	0	464	0
MSTRG.782.5	879	3662	24.0033
MSTRG.7825.1	0	1825	0
MSTRG.7826.8	0	5850	0
MSTRG.7827.3	0	1899	0
MSTRG.7828.1	0	1260	0
MSTRG.7831.1	0	333	0
MSTRG.7839.1	431	2439	17.6712
MSTRG.7844.1	43	265	16.2264
MSTRG.785.4	0	2369	0
MSTRG.7855.1	0	764	0
MSTRG.7866.1	0	3964	0
MSTRG.7867.1	0	699	0
MSTRG.7869.1	94	1259	7.46624
MSTRG.7884.1	158	2377	6.64703
MSTRG.7885.2	0	3557	0
MSTRG.7889.1	0	475	0
MSTRG.789.1	0	1464	0
MSTRG.7899.1	0	2129	0
MSTRG.7901.1	44	1582	2.78129
MSTRG.7903.1	0	1022	0
MSTRG.7916.1	57	583	9.77702
MSTRG.7917.1	0	2269	0
MSTRG.7926.1	0	659	0
MSTRG.7931.1	0	428	0
MSTRG.7933.1	0	981	0
MSTRG.794.1	83	3745	2.21629
MSTRG.7941.2	0	2350	0
MSTRG.7968.1	0	2237	0
MSTRG.798.1	0	1798	0
MSTRG.7984.1	0	2215	0
MSTRG.7985.1	0	739	0
MSTRG.7986.1	0	1348	0
MSTRG.7991.1	0	511	0
MSTRG.7994.1	0	690	0
MSTRG.7995.1	0	1082	0
MSTRG.7996.1	0	990	0
MSTRG.8004.1	0	1044	0
MSTRG.8007.1	0	1895	0
MSTRG.8013.2	0	1334	0
MSTRG.8020.1	0	2051	0
MSTRG.8024.1	0	359	0
MSTRG.8025.1	0	1673	0
MSTRG.8027.1	0	308	0
MSTRG.8035.1	0	306	0
MSTRG.8039.5	0	3508	0
MSTRG.8043.1	0	406	0
MSTRG.8050.1	0	651	0
MSTRG.8051.1	0	2970	0
MSTRG.8059.1	85	2349	3.61856
MSTRG.8069.1	0	1413	0
MSTRG.8073.1	55	2706	2.03252
MSTRG.8077.1	261	1256	20.7803
MSTRG.8085.1	0	335	0
MSTRG.8099.1	69	7904	0.872976
MSTRG.8.1	0	1100	0
MSTRG.8101.1	0	473	0
MSTRG.8102.1	0	5724	0
MSTRG.8106.1	0	3339	0
MSTRG.8124.1	0	333	0
MSTRG.8128.1	0	1057	0
MSTRG.8129.1	0	707	0
MSTRG.8132.1	504	504	100
MSTRG.8142.1	0	613	0
MSTRG.8143.1	0	388	0
MSTRG.8144.1	0	387	0
MSTRG.8152.1	0	2073	0
MSTRG.8153.1	0	234	0
MSTRG.8154.1	297	2611	11.375
MSTRG.8158.1	0	1008	0
MSTRG.8168.1	0	267	0
MSTRG.8176.1	0	1514	0
MSTRG.8188.5	0	1907	0
MSTRG.8205.1	0	2246	0
MSTRG.8226.2	113	2688	4.20387
MSTRG.8227.1	0	1277	0
MSTRG.8235.1	0	896	0
MSTRG.8256.1	0	980	0
MSTRG.8262.1	458	2112	21.6856
MSTRG.8271.1	259	1929	13.4266
MSTRG.8274.1	0	2158	0
MSTRG.8280.1	181	2865	6.31763
MSTRG.8286.1	0	1381	0
MSTRG.8289.1	452	1046	43.2122
MSTRG.829.1	273	1966	13.8861
MSTRG.8313.1	79	2526	3.12747
MSTRG.8338.1	0	292	0
MSTRG.8341.2	0	991	0
MSTRG.8346.1	0	542	0
MSTRG.8349.1	48	236	20.339
MSTRG.8363.11	0	1125	0
MSTRG.8374.6	0	1245	0
MSTRG.8375.1	0	626	0
MSTRG.8376.1	0	1478	0
MSTRG.8377.1	0	408	0
MSTRG.8381.1	0	218	0
MSTRG.8395.1	893	2486	35.9212
MSTRG.8396.1	460	660	69.697
MSTRG.8397.1	139	608	22.8618
MSTRG.8398.1	205	605	33.8843
MSTRG.8423.1	1204	1782	67.5645
MSTRG.8432.1	0	509	0
MSTRG.8441.1	516	3370	15.3116
MSTRG.8466.2	38	1229	3.09194
MSTRG.8467.1	94	318	29.5597
MSTRG.8481.2	0	2666	0
MSTRG.8482.1	93	3296	2.8216
MSTRG.8486.1	0	633	0
MSTRG.8487.1	0	220	0
MSTRG.8493.1	0	994	0
MSTRG.8496.1	0	979	0
MSTRG.8497.1	0	758	0
MSTRG.8505.1	0	1332	0
MSTRG.851.1	0	1109	0
MSTRG.8523.1	0	832	0
MSTRG.8539.1	0	485	0
MSTRG.854.1	0	951	0
MSTRG.8547.1	0	1697	0
MSTRG.855.1	0	1357	0
MSTRG.8563.1	0	206	0
MSTRG.8564.1	80	1428	5.60224
MSTRG.8569.1	0	513	0
MSTRG.8574.1	345	2029	17.0034
MSTRG.8584.1	0	892	0
MSTRG.8604.5	79	3447	2.29185
MSTRG.8605.1	79	3120	2.53205
MSTRG.8609.1	0	1196	0
MSTRG.86.1	0	245	0
MSTRG.8618.1	0	488	0
MSTRG.8629.1	0	760	0
MSTRG.8630.1	123	3381	3.63798
MSTRG.8634.1	317	1556	20.3728
MSTRG.8644.1	0	1190	0
MSTRG.8649.7	267	3243	8.23312
MSTRG.8652.1	0	1066	0
MSTRG.8662.1	0	542	0
MSTRG.8678.1	0	404	0
MSTRG.8681.1	0	700	0
MSTRG.8697.1	157	2076	7.56262
MSTRG.8715.1	0	405	0
MSTRG.87.2	0	2388	0
MSTRG.872.2	256	2904	8.81543
MSTRG.8735.1	0	427	0
MSTRG.8747.1	0	514	0
MSTRG.875.1	0	861	0
MSTRG.8757.1	0	654	0
MSTRG.8764.1	0	1316	0
MSTRG.8766.2	0	633	0
MSTRG.877.1	0	1012	0
MSTRG.8771.1	35	774	4.52196
MSTRG.8777.1	0	1238	0
MSTRG.8783.1	0	1230	0
MSTRG.8788.1	0	1667	0
MSTRG.8790.1	0	1942	0
MSTRG.8795.1	0	424	0
MSTRG.8800.4	0	2287	0
MSTRG.8806.1	0	1655	0
MSTRG.8817.2	0	991	0
MSTRG.8821.1	240	751	31.9574
MSTRG.8843.3	112	9672	1.15798
MSTRG.8851.1	587	3066	19.1455
MSTRG.8862.1	55	4604	1.19461
MSTRG.8865.1	0	289	0
MSTRG.8876.1	0	798	0
MSTRG.8879.2	0	532	0
MSTRG.8885.1	56	4150	1.3494
MSTRG.8896.1	0	2879	0
MSTRG.8901.1	0	1089	0
MSTRG.8903.1	0	3411	0
MSTRG.8920.1	0	1281	0
MSTRG.8927.1	0	1475	0
MSTRG.8930.1	0	272	0
MSTRG.8934.1	0	2272	0
MSTRG.8939.1	0	1921	0
MSTRG.894.1	0	1416	0
MSTRG.8944.1	0	1467	0
MSTRG.8949.1	110	1385	7.94224
MSTRG.8951.4	0	2572	0
MSTRG.8962.2	0	607	0
MSTRG.8964.1	0	1547	0
MSTRG.8976.1	0	629	0
MSTRG.8987.1	0	398	0
MSTRG.8992.1	0	250	0
MSTRG.8997.1	0	1596	0
MSTRG.8998.1	0	677	0
MSTRG.9007.1	0	238	0
MSTRG.9010.1	0	877	0
MSTRG.9017.1	0	657	0
MSTRG.9019.1	572	1747	32.7418
MSTRG.9029.1	0	1238	0
MSTRG.9042.1	0	1375	0
MSTRG.9046.1	0	836	0
MSTRG.9047.1	0	210	0
MSTRG.9048.1	0	711	0
MSTRG.9053.1	0	1611	0
MSTRG.906.1	0	455	0
MSTRG.9067.1	39	283	13.7809
MSTRG.9078.3	0	1091	0
MSTRG.9085.1	0	2890	0
MSTRG.9088.5	0	732	0
MSTRG.9092.1	0	725	0
MSTRG.9099.4	40	3881	1.03066
MSTRG.9100.2	40	1452	2.75482
MSTRG.9101.1	0	2400	0
MSTRG.9112.1	0	1509	0
MSTRG.9115.1	0	223	0
MSTRG.9124.1	0	467	0
MSTRG.9130.1	0	1258	0
MSTRG.9136.1	103	1500	6.86667
MSTRG.9137.1	103	1963	5.24707
MSTRG.9145.1	0	285	0
MSTRG.9146.1	0	590	0
MSTRG.9155.6	79	1133	6.97264
MSTRG.9169.1	0	2078	0
MSTRG.9181.1	0	227	0
MSTRG.9182.1	0	609	0
MSTRG.919.1	0	1828	0
MSTRG.9198.4	89	2558	3.47928
MSTRG.9202.3	0	6004	0
MSTRG.9203.1	0	2499	0
MSTRG.9204.1	0	382	0
MSTRG.9206.1	0	373	0
MSTRG.9213.1	0	2012	0
MSTRG.9214.1	292	852	34.2723
MSTRG.9215.1	105	1078	9.74026
MSTRG.9226.1	0	1060	0
MSTRG.9235.1	60	3961	1.51477
MSTRG.9244.3	59	2607	2.26314
MSTRG.9254.1	0	787	0
MSTRG.9255.1	126	2077	6.06644
MSTRG.9259.1	136	320	42.5
MSTRG.9264.1	111	877	12.6568
MSTRG.9273.1	42	839	5.00596
MSTRG.9282.1	0	263	0
MSTRG.9286.1	0	301	0
MSTRG.9288.1	0	271	0
MSTRG.9292.1	0	1917	0
MSTRG.9306.8	0	3675	0
MSTRG.9307.1	67	7974	0.840231
MSTRG.9312.4	79	2655	2.97552
MSTRG.9318.1	0	576	0
MSTRG.9320.1	0	440	0
MSTRG.9323.2	52	390	13.3333
MSTRG.9331.1	67	2566	2.61107
MSTRG.9335.1	0	436	0
MSTRG.9336.1	0	225	0
MSTRG.9338.1	0	763	0
MSTRG.9347.1	0	1661	0
MSTRG.9349.1	0	1320	0
MSTRG.9351.1	0	656	0
MSTRG.9352.1	0	1160	0
MSTRG.9354.1	0	703	0
MSTRG.9355.2	107	1864	5.74034
MSTRG.9363.1	0	2403	0
MSTRG.9364.1	0	898	0
MSTRG.9366.6	65	3242	2.00494
MSTRG.9367.1	56	466	12.0172
MSTRG.9372.1	0	904	0
MSTRG.9376.1	0	659	0
MSTRG.9385.1	0	367	0
MSTRG.9388.1	0	1596	0
MSTRG.9392.1	0	285	0
MSTRG.9395.2	0	856	0
MSTRG.9405.1	0	311	0
MSTRG.9407.1	0	2622	0
MSTRG.94.1	0	701	0
MSTRG.9414.1	0	257	0
MSTRG.9422.1	0	343	0
MSTRG.9428.1	0	779	0
MSTRG.945.1	0	373	0
MSTRG.9457.1	48	3279	1.46386
MSTRG.9470.4	0	1362	0
MSTRG.9503.3	0	3680	0
MSTRG.9509.4	0	852	0
MSTRG.951.1	704	2457	28.6528
MSTRG.9513.3	68	1478	4.60081
MSTRG.9518.1	18	1073	1.67754
MSTRG.9519.1	472	2930	16.1092
MSTRG.9523.1	68	447	15.2125
MSTRG.953.1	53	632	8.38608
MSTRG.9539.1	75	1151	6.51607
MSTRG.954.1	53	293	18.0887
MSTRG.9544.1	67	1551	4.31979
MSTRG.9549.1	1201	2153	55.7826
MSTRG.9553.1	0	257	0
MSTRG.9554.6	67	3837	1.74616
MSTRG.9562.1	0	267	0
MSTRG.9566.1	0	925	0
MSTRG.9570.1	0	1818	0
MSTRG.9592.1	0	283	0
MSTRG.9593.1	0	3984	0
MSTRG.9594.1	0	1264	0
MSTRG.9596.1	0	974	0
MSTRG.9598.1	0	1658	0
MSTRG.9599.1	0	2677	0
MSTRG.9600.1	0	2394	0
MSTRG.9601.1	0	1096	0
MSTRG.9618.2	0	2202	0
MSTRG.9619.1	0	2147	0
MSTRG.9629.1	0	223	0
MSTRG.9630.1	0	866	0
MSTRG.9631.9	0	1610	0
MSTRG.9633.1	61	1780	3.42697
MSTRG.9634.1	24	600	4
MSTRG.9635.1	0	4692	0
MSTRG.9639.1	0	321	0
MSTRG.9640.1	81	5239	1.5461
MSTRG.9642.1	0	209	0
MSTRG.9658.1	0	365	0
MSTRG.9663.3	0	1570	0
MSTRG.9673.1	0	448	0
MSTRG.9680.1	0	960	0
MSTRG.9681.2	0	2875	0
MSTRG.9696.1	0	890	0
MSTRG.9706.1	89	2002	4.44555
MSTRG.9720.1	91	551	16.5154
MSTRG.9721.1	238	238	100
MSTRG.9729.1	16	593	2.69815
MSTRG.9733.1	0	389	0
MSTRG.9736.1	0	1257	0
MSTRG.9743.1	0	1660	0
MSTRG.9745.1	0	714	0
MSTRG.9759.3	0	1189	0
MSTRG.9764.1	0	1444	0
MSTRG.9770.1	0	285	0
MSTRG.9776.1	0	1828	0
MSTRG.9780.1	0	913	0
MSTRG.9781.1	0	308	0
MSTRG.9782.2	0	3431	0
MSTRG.9784.1	0	723	0
MSTRG.9794.2	1025	6156	16.6504
MSTRG.9799.1	48	834	5.7554
MSTRG.9800.1	0	3371	0
MSTRG.980.1	0	313	0
MSTRG.9803.1	60	1172	5.11945
MSTRG.9806.1	0	530	0
MSTRG.9807.1	0	743	0
MSTRG.9811.1	0	1716	0
MSTRG.9816.1	0	202	0
MSTRG.9818.1	0	444	0
MSTRG.9832.1	680	3729	18.2355
MSTRG.984.1	46	563	8.17052
MSTRG.9841.3	128	1600	8
MSTRG.9853.1	142	428	33.1776
MSTRG.9856.1	0	477	0
MSTRG.9857.1	0	1246	0
MSTRG.9881.1	133	1149	11.5753
MSTRG.9883.3	0	1640	0
MSTRG.9889.1	0	217	0
MSTRG.9890.1	0	658	0
MSTRG.9893.1	0	496	0
MSTRG.9895.2	0	2448	0
MSTRG.9899.1	35	2489	1.40619
MSTRG.9903.3	0	1346	0
MSTRG.9905.1	0	2248	0
MSTRG.9907.1	0	378	0
MSTRG.99.2	0	2288	0
MSTRG.9922.1	0	3627	0
MSTRG.9923.1	0	497	0
MSTRG.9924.1	0	2304	0
MSTRG.9925.1	0	4444	0
MSTRG.9936.1	0	295	0
MSTRG.9940.1	17	3949	0.430489
MSTRG.9950.3	0	3199	0
MSTRG.9952.1	0	1630	0
MSTRG.9962.9	0	602	0
MSTRG.9969.1	41	747	5.48862
MSTRG.9971.12	43	3000	1.43333
MSTRG.9972.1	0	945	0
MSTRG.9975.1	0	921	0
MSTRG.9977.1	0	802	0
MSTRG.9980.1	0	1776	0
MSTRG.9981.1	0	3159	0
MSTRG.9982.1	0	396	0
MSTRG.9986.1	0	513	0
MSTRG.999.1	0	811	0
MSTRG.9997.1	0	1542	0
MSTRG.9999.4	332	1445	22.9758
